username,full_name,is_verified,has_anonymous_profile_picture,biography_len,external_url,followers,following,has_clips,highlight_count,is_professional_account,is_private,media_count,total_tags,total_likes,total_comments,name_length,media_count_of_data_collected,average_likes
m_4_myran,0,0,0,72,0,6,19,0,0,0,1,0,0,0,0,0,0,0
imsorrymone_,�ഷഡ്ഡി വിറ്റ സൂപ്പർമാൻ�,0,0,85,0,9,12,0,0,0,0,0,0,0,0,23,0,0
vidhya_sree12,Sreevidhya,0,0,92,0,47,43,0,0,0,1,0,0,0,0,10,0,0
abcd.tharadas,കീരിക്കാടൻ  ജോസിന്റെ അച്ഛൻ,0,0,26,0,49,20,0,0,1,0,2,0,3,0,27,2,1.5
s_a_c_h_i_n5434,SACHIN,0,1,0,0,22,95,0,0,0,0,0,0,0,0,6,0,0
prince.p.j.96995,Prince P. J,0,1,0,0,33,166,0,0,0,0,1,0,4,0,11,1,4
the_fallen_angel_555_,0,0,1,0,0,17,35,0,0,0,1,0,0,0,0,0,0,0
amal_najeeb7,Amal Najeeb,0,0,0,0,102,267,0,0,0,0,0,0,0,0,11,0,0
keral___girl_,####,0,1,0,0,9,9,0,0,0,0,2,0,2,0,4,2,1
dhamodharji,ദാമോദർജി,0,0,0,0,47,156,0,0,0,0,0,0,0,0,9,0,0
babunamboothithiri,jaseel,0,0,109,0,32,92,0,0,0,0,6,3,64,0,6,6,10.66666667
xhos.ter,xhos.ter,0,0,25,0,3,27,0,0,0,0,0,0,0,0,8,0,0
ayisha_mehrin__0,❤️Ayishuuu�,0,0,66,0,40,5,0,0,1,0,0,0,0,0,11,0,0
glitch_ff_7,GLITCH FF,0,0,38,0,56,202,1,0,0,0,1,0,82,3,9,1,82
kissuu_7,0,0,1,41,0,58,101,0,0,0,1,0,0,0,0,0,0,0
dr_crow_mental,Doctor crow mental,0,0,28,0,26,59,0,0,1,0,21,0,0,0,18,12,0
naughtyboy1682,r_a_h_u_l,0,0,23,0,11,14,0,0,0,0,1,0,1,3,9,1,1
a_k22_58,0,0,0,0,0,1,2,0,0,0,1,0,0,0,0,0,0,0
da_ooombfiii_,കിളിരാജ്,0,0,23,0,44,35,0,0,0,0,0,0,0,0,8,0,0
ikkafanboy834,0,0,0,0,0,40,52,0,0,0,1,1,0,9,0,0,1,9
stranger._.psycho,0,0,0,0,0,25,38,0,0,0,0,0,0,0,0,0,0,0
mngh648,arjun s,0,1,0,0,1,19,0,0,0,1,0,0,0,0,7,0,0
myran6064,myran,0,0,20,0,10,16,0,0,0,0,0,0,0,0,5,0,0
vmv1992,vishnu mv,0,0,0,0,11,97,0,0,0,1,0,0,0,0,9,0,0
armangill155,0,0,0,0,0,20,41,0,0,0,0,0,0,0,0,0,0,0
shifadahmd,Shifad ahmd,0,1,0,0,10,48,0,0,0,0,0,0,0,0,11,0,0
i_am_toxic.008,0,0,0,95,0,24,42,0,0,0,0,0,0,0,0,0,0,0
__the__fake__id_,Navaneeth,0,1,0,0,19,173,0,0,0,0,0,0,0,0,9,0,0
unknown_.leo,ՄηᏦηᎧᏇη,0,0,11,0,59,196,0,0,1,0,0,0,0,0,7,0,0
m7j10s11,0,0,0,0,0,24,231,0,0,0,1,0,0,0,0,0,0,0
psy_cho_g_irl,Aswathy. R,0,0,98,0,41,91,0,0,0,0,2,0,26,0,10,2,13
_infinity_spirit_,0,0,0,44,0,30,401,1,0,0,1,0,0,0,0,0,0,0
ammu__790,�❤️,0,0,25,0,82,55,0,0,0,0,1,0,22,29,3,1,22
kaasi122,kasi--,0,1,12,0,503,0,0,0,0,0,0,0,0,0,6,0,0
miracle.00,0,0,0,0,0,30,146,0,0,0,1,5,0,4,0,0,5,0.8
akhila_joshy_,Akhila joshy,0,0,116,0,192,139,0,0,0,1,1,1,59,15,12,1,59
tecno_warriors_,ᴍᴀʜᴇsᴡᴀʀ★彡,0,0,144,0,32,75,0,0,0,0,2,0,2,0,10,2,1
valayar.vasu,വാളയാർ വാസു,0,0,55,0,33,11,1,1,0,1,34,0,18,0,11,12,1.5
ig_athiran,�A T H I R A N�,0,0,17,1,137,364,1,0,0,0,1,0,8,3,15,1,8
_ripper_2004_,0,0,1,0,0,11,15,0,0,0,0,0,0,0,0,0,0,0
basement_fox8,@basement_fox_,0,1,0,0,9,21,0,0,0,0,0,0,0,0,14,0,0
_.malaak13,0,0,0,90,0,7,71,0,0,0,0,0,0,0,0,0,0,0
ariyaammu9,Ariya ammu,0,0,63,0,66,211,0,0,0,1,0,0,0,0,10,0,0
10.thor,THOR 10,0,0,87,0,9,125,0,1,0,1,6,0,16,0,7,6,2.666666667
nanduanagha,anagha nandu,0,1,0,0,145,754,0,0,0,0,1,0,75,3,12,1,75
vavachi__37_,Anukutty R vasu,0,0,116,0,67,262,0,3,0,1,2,0,21,1,15,2,10.5
johnjacob1297,0,0,0,0,0,10,15,0,0,0,0,1,0,0,0,0,1,0
__john__._wick__,JOHN・WɨCK,0,0,0,0,58,742,0,0,1,0,0,0,0,0,9,0,0
fan_fight_club_0.9,FFC�,0,0,104,0,94,3,0,0,1,0,3,12,226,7,4,3,75.33333333
l.e.o.m.e.s.s.i_fc,Arkajyoti Raha,0,0,148,0,262,1460,0,0,1,0,77,0,159,0,14,12,13.25
deva11002021,0,0,1,0,0,14,131,0,0,0,1,0,0,0,0,0,0,0
sathyakutty236,sathya kutty,0,0,0,0,15,0,0,0,0,0,0,0,0,0,12,0,0
muhd__yasir,¥ÄSÍR,0,0,35,0,51,196,0,0,1,0,0,0,0,0,7,0,0
shaamy6,0,0,1,0,0,21,162,0,0,0,0,0,0,0,0,0,0,0
__.am__al,amal,0,1,0,0,57,122,0,0,0,1,0,0,0,0,4,0,0
plestic_bwoy_9,plestic bwoy �,0,0,150,0,13,12,0,0,0,1,0,0,0,0,14,0,0
murphy__2002,murphy,0,1,0,0,19,47,0,0,0,0,0,0,0,0,6,0,0
aswin_sfc_10,Ashwin,0,1,0,0,9,36,0,0,0,0,0,0,0,0,6,0,0
vazha__commenter_,vazha,0,1,0,0,47,394,0,0,0,0,0,0,0,0,5,0,0
ride.r5003,0,0,0,0,0,56,360,0,0,0,0,9,0,106,2,0,9,11.77777778
kohhgg13,kohhgg,0,1,0,0,16,189,0,0,0,0,0,0,0,0,6,0,0
red._._.shadow,�KUNJANAN�,0,0,64,0,89,841,1,0,0,0,5,0,66,0,10,5,13.2
denny_iype,Denny Iype,0,1,0,0,5,33,0,0,0,1,0,0,0,0,10,0,0
anandhu_rajn,anandhu raj,0,0,0,0,65,307,0,0,0,1,0,0,0,0,11,0,0
safwan_sichu,safwan_sichu,0,1,0,0,12,78,0,0,0,0,0,0,0,0,12,0,0
roke.y2010,rokey,0,1,0,0,27,47,0,0,0,0,0,0,0,0,5,0,0
jaseemta,Jaseem__ ta___,0,1,0,0,91,442,0,0,0,0,0,0,0,0,14,0,0
nabee_likka,0,0,1,0,0,2,40,0,0,0,1,0,0,0,0,0,0,0
_livos_exist_,ഷാജഹാന്‍ ✨✨✨,0,0,84,0,50,224,0,1,0,0,1,0,6,0,12,1,6
d.d______.___,ᴍʀ. ɪᴍᴘᴇʀғᴇᴄᴛ,0,0,0,0,16,117,0,0,0,0,0,0,0,0,13,0,0
patriachy_lover,The Patriach,0,0,0,0,47,78,0,0,0,0,0,0,0,0,12,0,0
durg_adevi1,ᴠᴇᴇᴛʟᴇ ᴠᴀᴀᴢʜᴀ�,0,0,119,0,49,42,1,4,0,0,2,0,32,1,14,2,16
bhavan_7056,0,0,1,0,0,127,463,0,0,0,0,0,0,0,0,0,0,0
dudu14406,0,0,0,0,0,8,41,0,0,0,1,0,0,0,0,0,0,0
itznj5,0,0,1,0,0,15,94,0,0,0,0,0,0,0,0,0,0,0
denil3687,Davis Denil,0,1,0,0,48,582,0,0,0,0,0,0,0,0,11,0,0
shanasanha2021,0,0,0,0,0,50,248,0,0,0,0,0,0,0,0,0,0,0
libin1436,LIBIN SABU,0,0,36,0,10,434,0,2,1,0,2,0,3,0,10,2,1.5
___lucyy_____,lucky,0,0,1,0,144,36,0,0,1,0,0,0,0,0,5,0,0
ananthu003ks,ananthu,0,1,0,0,23,144,0,0,0,0,0,0,0,0,7,0,0
_gopeekrishnan._7,™ᴅΔяк___,0,1,0,0,265,208,1,2,1,0,11,29,1013,36,8,11,92.09090909
cro__magnon__,Manu Emmanuel Kumbuckal,0,0,128,0,416,411,0,3,0,0,9,0,479,29,23,9,53.22222222
vahi_d1262,0,0,1,0,0,12,355,0,0,0,0,0,0,0,0,0,0,0
al.en9594,��ⓔｎ���,0,0,46,0,73,114,0,0,0,0,0,0,0,0,7,0,0
abhi9891abhi,abhi abhi,0,1,0,0,28,495,0,0,0,0,0,0,0,0,9,0,0
qwesrxtvubin,0,0,1,0,0,5,93,0,0,0,0,0,0,0,0,0,0,0
manojkk_manoj,Manoj Manojkk,0,0,13,0,65,245,1,0,0,0,3,0,41,0,13,3,13.66666667
a_k_h_i_l_._k,Akhil k,0,1,0,0,26,34,0,0,0,0,0,0,0,0,7,0,0
demo__ster,Rahul M,0,0,45,0,28,775,0,0,0,0,0,0,0,0,7,0,0
swathi_5451,0,0,1,0,0,113,134,0,0,0,0,0,0,0,0,0,0,0
g4.gfx_,venom,0,0,12,0,4,73,0,0,1,0,0,0,0,0,5,0,0
hakosuka_17,0,0,0,0,0,1,526,0,0,0,0,0,0,0,0,0,0,0
lijinjoseph_,LIJIN,0,0,1,0,110,172,0,0,0,0,2,0,84,24,5,2,42
______vishnu__vp,Ѵιƨниʋ ρяακαƨн,0,1,0,0,202,266,0,0,0,0,3,0,236,6,14,3,78.66666667
ravanan9972,0,0,1,0,0,14,160,0,0,0,0,0,0,0,0,0,0,0
asmidasmi,Asmid Asmi,0,1,0,0,21,150,0,0,0,0,0,0,0,0,10,0,0
rubel_76,0,0,1,0,0,14,78,0,0,0,0,0,0,0,0,0,0,0
kaalan8921,0,0,1,0,0,1,20,0,0,0,0,0,0,0,0,0,0,0
insta29399,0,0,1,0,0,12,1,0,0,0,0,0,0,0,0,0,0,0
jithendra_k__haridas,jithendra KH,0,1,0,0,127,378,0,0,0,0,0,0,0,0,12,0,0
sreenu22855,sreenu2255,0,1,0,0,2,34,0,0,0,0,0,0,0,0,10,0,0
playboys3239,0,0,1,0,0,9,194,0,0,0,1,0,0,0,0,0,0,0
_de_ath_lord_s2,DEATHLORD S2,0,1,0,0,29,95,0,0,0,0,1,2,15,0,12,1,15
rider___46,Rider,0,1,0,0,17,225,0,0,1,0,1,0,3,0,5,1,3
david78628,0,0,0,0,0,3,30,0,0,0,0,0,0,0,0,0,0,0
c_r_y_us,Cyru_,0,1,0,0,18,122,0,0,0,0,0,0,0,0,5,0,0
lub__iz,0,0,1,0,0,16,100,0,0,0,0,0,0,0,0,0,0,0
malayaliboy190,i need you,0,0,0,0,40,6,0,0,0,0,0,0,0,0,10,0,0
ashakts,Ash_AKts,0,1,0,0,357,925,0,0,0,0,9,0,202,7,8,9,22.44444444
suryaku12p,Surya Kumar,0,1,0,0,20,509,0,0,0,0,0,0,0,0,11,0,0
__me_mer__,ലുട്ടാപ്പി മീഡിയ,0,1,139,0,73,46,0,0,0,1,0,0,0,0,16,0,0
nandana_fan_page_,0,0,0,44,0,52,36,0,0,0,0,0,0,0,0,0,0,0
blind.greasy,�⚡���������1⃣0⃣1⃣⚡��������r�,0,0,60,0,250,78,0,0,0,0,0,0,0,0,28,0,0
wate_rmark2,0,0,1,12,0,6,70,0,0,0,0,0,0,0,0,0,0,0
82.7940298,Ankit Diwakar,0,0,0,0,12,155,0,0,0,0,3,0,5,0,13,3,1.666666667
_cin_de_rellaa_,Tony stark,0,0,47,0,24,57,0,0,0,0,0,0,0,0,10,0,0
athu.l5774,0,0,1,0,0,24,710,0,0,0,0,0,0,0,0,0,0,0
kokokokokoko3938,0,0,1,0,0,2,19,0,0,0,0,0,0,0,0,0,0,0
manimaran911,manimaran,0,0,18,0,90,1394,0,4,0,1,1,0,9,0,9,1,9
_hyper_kyd_,AKASH,0,1,24,0,472,79,0,2,1,0,2,0,426,49,5,2,213
zabbbbbb87,zab,0,0,21,0,28,106,1,0,1,0,10,0,42,8,3,10,4.2
the_uniqueheart__,Shane varghese,0,0,0,0,10,98,0,0,0,1,0,0,0,0,14,0,0
trippymind3,sonu,0,1,0,0,8,49,0,0,0,0,0,0,0,0,4,0,0
abuzada641,0,0,0,0,0,26,1151,0,0,0,0,2,0,2,0,0,2,1
ml_smooth,0,0,1,24,0,115,553,0,0,0,0,0,0,0,0,0,0,0
joe_myself215,««j_O_£^__Geørgê_»»,0,1,37,0,140,713,0,0,0,0,0,0,0,0,20,0,0
nandhukrishnaa,n_k_,0,1,0,0,187,217,0,0,0,0,1,0,55,4,4,1,55
silent_boykl68,SiLeNt_boy,0,0,24,0,355,949,1,1,1,0,24,9,471,29,10,12,39.25
sai_bava_,Megatron,0,1,0,0,5,119,0,0,0,0,0,0,0,0,8,0,0
kamukan966,kamukan,0,0,112,0,35,316,0,0,0,0,12,0,97,11,7,12,8.083333333
kandhari7911,0,0,1,0,0,53,513,0,0,0,0,0,0,0,0,0,0,0
_how_to_train_a_dragon___,trainer,0,1,0,0,702,284,0,0,0,0,0,0,0,0,7,0,0
dhduisjshsydue,0,0,1,0,0,5,44,0,0,0,0,0,0,0,0,0,0,0
mr_ambady66,mr ambadi,0,0,0,0,98,303,1,0,0,0,11,0,266,15,9,11,24.18181818
ajeershaajmal,Ajeersha Ajmal,0,1,0,0,24,152,0,0,0,0,0,0,0,0,14,0,0
rishad_v_k,Rishad_V_K,0,0,0,0,47,29,0,0,0,1,1,0,2,0,10,1,2
adhars.h__,ADHARSH⚡,0,1,1,0,16,22,0,0,0,0,0,0,0,0,8,0,0
abhinand.hari,abhinand hari,0,1,0,0,11,59,0,0,0,0,0,0,0,0,13,0,0
1769asa,Anita yadav,0,0,0,0,101,20,0,0,0,0,0,0,0,0,11,0,0
safal.safal.3745496,Safal Safal,0,1,0,0,10,66,0,0,0,0,0,0,0,0,11,0,0
smokie_______.________________,SMOKIE,0,1,0,0,14,48,0,0,0,0,0,0,0,0,6,0,0
cut_of_rider,Gokul S,0,0,121,0,169,561,0,0,0,0,0,0,0,0,7,0,0
hakkeem__8807,AbdulHakkeem,0,1,0,0,80,252,0,0,0,0,0,0,0,0,12,0,0
visakh8253,V!$@Kh,0,1,0,0,58,634,0,0,0,0,0,0,0,0,6,0,0
m_ng_l_ssery__neel_k_nd_n,മംഗലശേരി നീലകണ്ഠൻ,0,0,66,0,12,17,1,0,0,0,11,28,431,12,17,11,39.18181818
___a____b_____i,a.  b.  i.,0,1,0,0,8,13,0,0,0,0,0,0,0,0,10,0,0
ashi_k310,0,0,1,0,0,8,13,0,0,0,0,0,0,0,0,0,0,0
shareef__v___7,muhammed shareef,0,0,5,0,54,71,0,0,0,0,0,0,0,0,16,0,0
shibin1700,Shibin,0,1,0,0,5,40,0,0,0,0,0,0,0,0,6,0,0
trocksy___01,ａｓｗｉｎｎａｔｈ↔,0,0,0,0,183,354,0,0,0,0,0,0,0,0,10,0,0
__jeramiah__4,--- �� 4---,0,0,0,0,48,49,0,0,0,0,2,0,35,12,11,2,17.5
serienna_,BIJOY,0,1,40,1,359,159,0,2,0,1,0,0,0,0,5,0,0
hi_noob677,愛してます,0,1,5,0,27,52,0,0,0,0,0,0,0,0,5,0,0
thomasnikhilc,Nikhil C thomas,0,1,0,0,18,52,0,0,0,0,0,0,0,0,15,0,0
blac_kvalandine,0,0,1,0,0,7,32,0,0,0,0,0,0,0,0,0,0,0
sinsar976,0,0,1,0,0,2,30,0,0,0,0,0,0,0,0,0,0,0
__x__x_x_x__x___,s.npuɐuɐ,0,0,0,0,149,77,0,0,0,0,0,0,0,0,8,0,0
skater2777,Shareefa Malarvadi,0,1,0,0,9,36,0,0,0,0,0,0,0,0,18,0,0
qdevil251,Athulya achuz,0,0,67,0,90,34,0,0,0,1,0,0,0,0,13,0,0
jai_me_lannister____,0,0,1,0,0,12,22,0,0,0,0,0,0,0,0,0,0,0
handsome.l.daddy,0,0,1,0,0,4,28,0,0,0,0,0,0,0,0,0,0,0
shameem_razak7,shameem razak,0,0,7,0,70,274,0,0,0,0,3,0,21,0,13,3,7
kuttusans_lokam,Kuttusante lokam,0,0,95,0,53,159,0,0,1,0,0,0,0,0,16,0,0
____lover___143___,Lover,0,1,0,0,13,206,0,0,0,0,0,0,0,0,5,0,0
abdulrahumankassim,عبد الرحمن,0,1,0,0,23,139,0,0,0,0,0,0,0,0,10,0,0
venkiteshapaikanan,Venkitesh A Pai Kanan,0,1,0,0,22,103,0,0,0,0,0,0,0,0,21,0,0
__soul_93_,ᗩՏᗯIᑎ•,0,0,8,0,119,61,0,0,0,1,0,0,0,0,6,0,0
arjunc1234,arjun chowhan,0,1,0,0,86,1970,0,0,0,0,0,0,0,0,13,0,0
xtsaleoop,XT乛SALEO・OP,0,1,0,0,275,210,0,0,0,0,0,0,0,0,11,0,0
the_instaholic,~,0,0,0,0,256,622,0,4,1,0,56,50,696,97,1,12,58
mohanan_poojapura,ജിമ്മിട്ട് ലാള്ളപ്പൻ,0,0,117,0,37,5,0,0,0,0,13,0,522,106,20,12,43.5
gherghost,Gherghost,0,1,0,0,1,8,0,0,0,0,0,0,0,0,9,0,0
saniya___ff,freefire lover �,0,1,20,0,51,138,1,0,0,0,3,0,92,5,16,3,30.66666667
jaison__minnal_murali,Jaison,0,0,0,0,21,252,0,0,0,0,0,0,0,0,6,0,0
govi_nd2488,0,0,1,0,0,5,11,0,0,0,0,0,0,0,0,0,0,0
nixonreji,0,0,1,0,0,353,354,0,0,1,0,1,2,147,12,0,1,147
angry_squarel_,₳J₳Ɏ,0,0,0,0,180,747,0,0,0,0,7,0,132,1,4,7,18.85714286
_._a_t_h_u_l._,0,0,1,0,0,370,663,0,0,0,0,0,0,0,0,0,0,0
jhonny34e,0,0,1,0,0,167,848,0,0,0,0,0,0,0,0,0,0,0
mr.madstrocker12345,⚡️,0,1,0,0,48,445,0,0,0,0,0,0,0,0,2,0,0
soul__viper03,Unknown man,0,1,0,0,194,1857,0,0,0,0,0,0,0,0,11,0,0
ansu_s_koshy,Ansu,0,0,37,0,387,245,0,1,0,1,0,0,0,0,4,0,0
the.himalayarider,0,0,1,0,0,4,6,0,0,0,0,0,0,0,0,0,0,0
hasee__________b,Abdul Haseeb .k,0,1,0,0,175,2171,0,0,0,0,0,0,0,0,15,0,0
____swag___10,�️Sreekuttan�️,0,1,0,0,187,157,0,0,0,0,0,0,0,0,14,0,0
jobink__george,J�b!ň � GęøŘge,0,0,93,1,360,579,1,1,1,0,26,20,999,80,17,12,83.25
vichu9008,0,0,1,8,0,103,203,0,0,0,1,0,0,0,0,0,0,0
rohit7.__,Rohit,0,0,38,0,270,203,0,0,0,1,0,0,0,0,5,0,0
va_va_2002,vava,0,1,0,0,11,8,0,0,0,0,0,0,0,0,4,0,0
wish_nu56,Vishnu,0,0,0,0,204,223,0,0,0,1,6,0,79,2,6,6,13.16666667
navaneeth__sk,Navaneeth Santhosh,0,0,0,0,186,672,0,0,0,0,1,0,64,14,18,1,64
ameen_kl84,Muhammad Ameen,0,1,0,0,40,536,0,0,0,0,0,0,0,0,14,0,0
i_am_di__ffe__rnt,Arun,0,1,0,0,72,406,0,0,0,0,0,0,0,0,4,0,0
adhilm378622021,adhil,0,1,0,0,4,31,0,0,0,0,0,0,0,0,5,0,0
aryaarya32727,�MOON CHILD�,0,0,21,0,192,339,1,3,0,0,21,58,879,68,12,12,73.25
mammadh_chugaveeran_,0,0,0,0,0,49,5,0,0,0,0,1,0,8,5,0,1,8
troll__myrukal,athu illa�,0,1,0,0,10,5,0,0,0,0,0,0,0,0,10,0,0
adarshsunil_0123,Adarsh,0,1,0,0,1368,5164,0,0,1,0,0,0,0,0,6,0,0
ema_n_u_,���������,0,0,104,0,316,214,0,10,1,0,4,36,472,287,9,4,118
zunaina.walter,Jayanth Walter,0,0,13,0,52,339,0,0,0,0,0,0,0,0,14,0,0
adr_carlos_,arpith___anil..__,0,0,66,0,118,160,0,0,0,0,2,0,61,4,17,2,30.5
jubil_shery_04,Jubil Shery Kurian,0,1,0,0,88,472,0,0,0,0,0,0,0,0,18,0,0
nikhilkumarmoridea,Nikhil Kumar moridea,0,1,0,0,18,39,0,0,0,0,0,0,0,0,20,0,0
jcikfhrucosos,jdhifjwhduiw,0,1,54,0,64,405,0,0,0,0,0,0,0,0,12,0,0
arun_il9207,���‍�️,0,1,0,0,31,595,0,0,0,0,0,0,0,0,6,0,0
3257.jackson,jackson,0,0,0,0,153,532,0,0,1,0,1,0,26,4,7,1,26
cruso_e_,Bristo John,0,0,73,0,131,168,0,0,0,0,0,0,0,0,11,0,0
si_nan7348,ff troll,0,1,0,0,43,313,0,0,0,0,0,0,0,0,8,0,0
_honey_queen_002,clara mariya,0,0,0,0,117,174,0,0,0,0,0,0,0,0,12,0,0
_ad_a_rsh_,adarsh.appu�,0,0,0,0,342,551,0,0,0,0,0,0,0,0,12,0,0
shx.jin,� � � � � �,0,1,122,0,1010,896,0,0,1,0,6,104,2341,2121,11,6,390.1666667
___la__u__ra___,ميتوز�,0,0,119,0,377,444,0,0,0,1,0,0,0,0,6,0,0
sohelranaar3,I M SEX BOY,0,1,0,0,29,455,0,0,0,0,0,0,0,0,11,0,0
leo_bae_10,_ leo _ boy _�,0,0,24,0,121,425,0,3,0,0,2,5,32,1,14,2,16
anuraga_singham,Anuraga_singham,0,1,0,0,11,3,0,0,0,0,0,0,0,0,15,0,0
kukku8924,��������.�,0,0,70,0,95,99,0,1,0,1,6,0,73,4,10,6,12.16666667
_k_u_t_t_a_n_s,0,0,1,0,0,29,443,0,0,0,0,0,0,0,0,0,0,0
flashin_spade,0,0,1,0,0,2,1,0,0,0,1,0,0,0,0,0,0,0
kingzar2,king,0,0,0,0,46,33,0,0,0,0,0,0,0,0,4,0,0
arfudevil_x,Ａｒｆｕ�,0,0,0,0,352,5199,0,0,0,0,1,0,61,19,5,1,61
mob_x_god,ig.mobx God,0,1,94,0,74,272,0,0,0,0,0,0,0,0,11,0,0
_hari_r_k,����,0,0,17,0,641,475,0,18,0,0,2,11,991,172,4,2,495.5
elnur.a345,Качыбек кызы Элнура,0,0,0,0,336,5244,0,0,0,0,3,0,37,0,19,3,12.33333333
nahana986,Nahana fathima,0,0,0,0,67,30,0,1,0,0,6,0,114,4,14,6,19
ananyaah_._,ananya��,0,0,72,0,104,24,0,1,1,0,6,0,27,0,8,6,4.5
_____ammuzz____0,0,0,0,0,0,173,5,0,0,0,0,0,0,0,0,0,0,0
s_angeeth_,sangeeth,0,1,0,0,1369,1498,0,0,0,0,0,0,0,0,8,0,0
the_sai_tama,#� its me Arjun,0,0,148,0,120,106,0,1,1,0,2,3,89,20,15,2,44.5
_shivante_anjali_,꧁��������_������꧂,0,0,88,0,133,27,0,2,0,0,6,0,77,0,17,6,12.83333333
berlin_x_10,�∘̥⃟⸽⃟♥ＢᴇƦʟＩＮ�⋆⃟ۜ⃝♥,0,0,105,0,655,804,1,16,1,0,10,7,684,36,19,10,68.4
gautham_170,Gᴀᴜᴛʜᴀᴍ,0,0,21,0,359,200,0,0,0,1,1,0,3,0,7,1,3
b_ook_holic,syn,0,0,63,0,137,231,0,0,0,0,12,0,159,23,3,12,13.25
tr.225506,TR�,0,0,26,0,959,6892,0,1,0,0,23,0,406,10,3,12,33.83333333
javad__cp,javad,0,1,0,0,723,63,0,0,0,0,0,0,0,0,5,0,0
_michael__225,Michael,0,0,58,0,170,151,0,3,0,0,0,0,0,0,7,0,0
ig.albatrozz,ᴬᴿᴶᵁᴺ,0,0,4,0,3060,987,0,1,1,0,3,5,245,84,5,3,81.66666667
gordon_nesbit_eden,0,0,1,0,0,5,106,0,0,0,0,0,0,0,0,0,0,0
___250_boy___,Anandhu,0,0,91,0,72,6,1,2,0,0,29,0,1615,66,7,12,134.5833333
muhammed______safwan__c__p,MUHAMMED______SAFWAN__C__P,0,1,0,0,793,493,0,0,0,0,0,0,0,0,26,0,0
shehin_giggs.23,FOOTBALL LOVERS ��,0,0,14,0,139,455,0,0,0,0,0,0,0,0,18,0,0
_vandal_savage,Akshay Aneesh,0,0,51,0,194,346,0,0,0,0,1,0,94,10,13,1,94
lenin_d_,�Len!n,0,0,22,0,251,691,0,6,0,0,4,0,267,59,6,4,66.75
ra__bi_____,MUHAMMED__RABI,0,0,26,0,1417,625,0,5,1,0,3,18,400,15,14,3,133.3333333
naseemnaseemt,Naseem T,0,0,0,0,167,214,0,1,0,0,3,3,155,4,8,3,51.66666667
shifanafathima95,Shifana �,0,0,48,0,279,3,0,0,0,0,0,0,0,0,9,0,0
____piyus.h_____,ᴘɪʏᴜꜱʜ ᴘʀᴀꜱᴀᴅ,0,0,29,0,993,36,0,1,1,0,0,0,0,0,13,0,0
__.a_t_h_u_l,Athul,0,0,0,0,235,379,0,0,0,0,0,0,0,0,5,0,0
khaby_____free,Khaby,0,0,0,0,1116,7475,1,0,0,0,17,0,982,6,5,12,81.83333333
__a_dar__sh,adarsh,0,0,11,0,812,386,0,2,0,1,1,0,60,7,6,1,60
muhammed___safwann__,��muhammed__safwan__��,0,1,106,0,1260,1202,1,1,0,0,8,15,619,39,22,8,77.375
thrilok_the_hunter,�kiran,0,0,106,0,1073,491,0,5,0,0,4,0,734,116,6,4,183.5
dr._duo_,hell world..⚠️,0,0,1,0,364,1192,1,3,0,0,2,0,8223,0,14,2,4111.5
itsmeayshha,�عائشة سلتانا�,0,0,62,0,197,330,0,0,0,1,2,0,98,33,15,2,49
________________________bilal,_________fathima,0,0,2,0,754,1481,1,0,1,0,15,0,644,26,16,12,53.66666667
keerthi_4598,keerthi_.,0,1,141,0,1174,134,0,0,0,0,0,0,0,0,9,0,0
ira___fathima,IRA__FATHIMA,0,0,109,0,501,25,0,0,0,0,0,0,0,0,12,0,0
__.lydia_rose.__,�����    ����,0,0,0,0,527,287,0,0,0,1,0,0,0,0,13,0,0
_.nisha_ramesh_._,0,0,0,99,0,489,6,0,0,0,0,0,0,0,0,0,0,0
_vignesh_unni,⏤͟͟͞͞๛✮ุွဳ⃟�ʟᴏɴᴇ Bᴏɪ⏤͟͟͞͞๛,0,0,102,0,1209,1184,0,0,1,0,1,1,147,48,26,1,147
moon___walker_______,Moon____Walker ____,0,0,74,0,1670,1409,0,1,0,0,22,7,2876,237,19,12,239.6666667
c_a_n_ti,ABhi Manyu,0,1,1,0,1255,2316,0,3,0,0,3,0,743,59,10,3,247.6666667
aiiswarya__,aiswarya,0,0,109,0,1143,68,0,0,0,0,0,0,0,0,8,0,0
anu380690,anuraj,0,0,0,0,933,5443,0,1,0,0,0,0,0,0,6,0,0
_ayisha______salam_,S_a_n_a____,0,0,0,0,1176,677,1,1,0,0,4,0,1341,17,11,4,335.25
__hiba_hibuu_,hiba fathima,0,0,42,0,2047,1493,1,0,1,0,6,0,523,42,12,6,87.16666667
fahima__fthi_,✿ƒA†ħÏ✿,0,0,146,0,3082,3,1,2,0,1,3,3,1858,212,8,3,619.3333333
rinnnyy117,rinnn,0,0,0,0,3266,1954,0,1,0,1,166,0,877,26,5,12,73.08333333
nimm_y17,Nimmy,0,0,66,0,6027,360,0,0,0,1,2,0,1925,421,5,2,962.5
ffc_fan_fun_club_official_,KU KU CHA OFFICIAL (40K �),0,0,87,1,33764,2,1,5,1,0,2328,0,36619,534,26,12,3051.583333
sandhya_nair_99,മൗനം,0,0,41,0,82,37,0,0,0,0,20,2,124,32,4,12,10.33333333
_sanika_nika_,Sanika A,0,0,41,0,107,127,0,0,0,1,0,0,0,0,8,0,0
napom992,0,0,0,0,0,43,98,0,0,0,0,0,0,0,0,0,0,0
_kaththi_engira_kathiresan_,വില്ലാദി വില്ലൻ,0,0,14,0,18,27,0,0,0,0,0,0,0,0,15,0,0
badboy_07070707,✨b.a.d b.o.y✨,0,0,23,0,60,277,0,0,0,1,0,0,0,0,13,0,0
s.r.k11121984,S.R.K,0,0,8,0,606,7478,0,1,1,0,59,0,1054,19,5,12,87.83333333
palu_fansclub,pfc official,0,0,122,0,169,45,1,1,0,0,64,0,801,179,12,12,66.75
s4babes013,0,0,0,6,0,569,2238,0,0,0,0,3,0,312,0,0,3,104
sruthy_aravind_97,sruthy Aravind,0,0,114,0,44,261,0,0,0,1,0,0,0,0,14,0,0
jillu_sathya94,jillu sathya,0,0,18,0,4,1,0,0,0,0,1,0,1,0,12,1,1
jithin_brutal_throttlez,Jithiŋ Prakash,0,0,132,1,915,3489,1,1,0,0,96,38,992,29,14,12,82.66666667
_ri_d_er_g_i_r_l_,shifna,0,0,16,0,110,1404,0,0,0,0,6,0,87,4,6,6,14.5
__rider._.girl_,0,0,0,52,0,93,214,0,0,0,0,1,0,67,4,0,1,67
angel_mari_ya,queen of wild,0,0,0,0,18,18,0,0,0,0,0,0,0,0,13,0,0
malluboy6483,0,0,1,0,0,3,3,0,0,0,0,0,0,0,0,0,0,0
__arjun___chenthippil___,ᴀʀᴊᴜɴ ᴄʜᴇɴᴛʜɪᴘᴘɪʟ,0,1,0,0,66,37,0,0,0,0,0,0,0,0,17,0,0
jobin3127,0,0,1,0,0,3,17,0,0,0,0,0,0,0,0,0,0,0
enjoy__boy_,enjoy.boy,0,0,0,0,899,4232,0,0,1,0,4,0,173,5,9,4,43.25
aloy_viju_ser,viju valsan��,0,0,107,0,50,18,0,0,0,0,0,0,0,0,13,0,0
aswa.thy6825,☞︎︎︎Aswathy ☜︎︎︎,0,0,105,0,51,32,0,0,0,0,0,0,0,0,16,0,0
sanj_078,sanj_07,0,1,0,0,3,53,0,0,0,1,0,0,0,0,7,0,0
killar___fish,billi,0,0,0,0,338,1390,0,0,1,0,0,0,0,0,5,0,0
_ridergirlvishakha_,Vishakha Fulsunge || India��,0,0,135,0,115,2,1,5,1,0,27,52,653,93,28,12,54.41666667
soniya_._verma,SONIYA�,0,0,11,0,561,0,0,0,0,0,2,0,70,8,7,2,35
fap_.world,Fap_World,0,0,119,0,10397,1225,1,5,0,0,207,50,3731,220,9,12,310.9166667
venk_iteshapaikanan,0,0,1,0,0,11,61,0,0,0,0,0,0,0,0,0,0,0
dr.eamer3729,rider girl,0,0,0,0,60,3,0,0,0,0,0,0,0,0,10,0,0
tmkoc.legand.fc,����� �����,0,0,84,1,43138,18,1,13,1,0,2678,2,7737,160,11,12,644.75
_joker_king_404,ɪᴛ's ᴍᴇ� �ꪮ�ꫀ� ��ꪀᧁ�,0,0,14,0,387,101,0,2,1,0,27,113,1258,122,20,12,104.8333333
4l4x33,0,0,1,0,0,17,79,0,0,0,0,0,0,0,0,0,0,0
kalippan_ser,.,0,0,95,0,502,15,1,2,0,0,25,0,790,75,1,12,65.83333333
ask.beatz,askbeatz,0,0,78,0,45,170,0,1,1,0,1,5,13,0,8,1,13
sexy._.tmkoc,��BABITA ANJALI FAN��,0,0,127,0,9969,45,0,10,0,1,190,5,5678,68,21,12,473.1666667
tmkoc._meme9,tmkoc_meme,0,0,6,0,2457,17,1,0,1,0,87,0,2440,19,10,12,203.3333333
the_piston_bull_3427,Mohammed Bashil,0,0,0,0,1034,6953,0,0,0,0,11,0,1415,36,15,11,128.6363636
bollysxysceness,Bollywood page,0,0,114,1,88844,142,1,26,1,0,1361,113,9621,220,14,12,801.75
vvk_sathya_,�وِویک سَتیَ�,0,0,0,0,1111,356,0,7,0,0,49,6,1691,285,13,12,140.9166667
blk_motivationtips,�� ��� ������✊�,0,0,150,1,130807,982,1,6,1,0,598,9,322,6,15,12,26.83333333
zoyas995,0,0,0,0,0,1236,2276,0,2,0,0,761,0,734,12,0,12,61.16666667
kinjal_56677,kinju,0,1,7,0,774,0,0,0,0,1,0,0,0,0,5,0,0
ruchiescirt,Raand Tej,0,0,0,0,383,465,0,8,0,0,0,0,0,0,9,0,0
hacker369gm,0,0,0,0,0,20,25,0,0,0,0,0,0,0,0,0,0,0
bollyadultmemes19,Bolly Memes19,0,0,120,0,5208,148,0,0,0,1,63,22,2538,16,13,12,211.5
ig_x_t_r_o_n,Ig Xtron,0,0,0,0,161,99,0,0,0,0,1,0,30,5,8,1,30
troll_devilz,�MAR CUTZZ��,0,0,133,1,677,279,1,9,1,0,114,2,1825,90,12,12,152.0833333
apoozz.mp4,Apoozz.mp4,0,0,43,0,626,622,0,1,0,0,1,0,48,2,10,1,48
anoopchanadran,itz.me.anoop,0,0,8,0,27,394,0,0,0,0,0,0,0,0,12,0,0
vedic__11,vedica__11❤️,0,0,0,0,81,544,0,0,0,0,0,0,0,0,12,0,0
mikky1232004,shalani,0,0,29,0,901,341,0,0,0,0,0,0,0,0,7,0,0
sexyactress_arena,Anshika,0,0,72,0,523,702,1,48,1,0,156,1,150,7,7,12,12.5
hot_actress_pics_00,Tony,0,0,18,0,889,518,0,0,0,0,0,0,0,0,4,0,0
_rider__girl_,Arya Ramachandran,0,0,12,0,562,1093,1,1,0,0,2,0,150,8,17,2,75
kukucha_tm,Kukucha™️,0,0,38,0,942,1,0,0,1,0,22,0,590,8,9,12,49.16666667
jameel_ahd,jameel,0,1,0,0,393,633,0,0,0,0,2,0,128,39,6,2,64
shivangi_love_of_life,Ritika sajdeh k dewwana,0,0,11,0,878,935,0,0,0,0,95,20,142,4,23,12,11.83333333
wanderer_girl10,0,0,0,51,0,16,5,0,0,0,0,0,0,0,0,0,0,0
mrponnikkara,Fake,0,0,0,0,19,118,0,0,0,0,0,0,0,0,4,0,0
kalippante56,ammu ammus,0,0,46,0,268,164,0,0,0,0,7,0,228,7,10,7,32.57142857
jaykumar______,�Jay Gaikwad�,0,1,67,1,873,1392,0,2,0,0,0,0,0,0,13,0,0
neni.wahyuni.7583,neni,0,1,0,0,1494,4129,0,0,0,0,0,0,0,0,4,0,0
kutty_hacker_,SHERLOCK,0,0,142,0,234,129,0,2,0,0,8,4,305,20,8,8,38.125
mr_lu_ka,wrong,0,0,0,0,257,870,0,0,0,0,0,0,0,0,5,0,0
kalippante__kurumbi,crazy queen��,0,0,31,0,93,10,0,0,0,0,0,0,0,0,13,0,0
ra.mzi5061,RiDeR---GiRL�,0,0,0,0,33,0,0,0,0,0,0,0,0,0,13,0,0
actress__unseen__fake__,actress unssen fake,0,0,98,0,5479,238,1,1,0,1,50,69,4359,179,19,12,363.25
cyberkiller731,Cyber Killer,0,0,97,0,97,69,0,2,0,0,9,1,43,1,12,9,4.777777778
_rider_girl_sneha,Its me sneha,0,0,46,0,147,62,0,0,0,0,0,0,0,0,12,0,0
abhinav___achuzz,��������,0,0,66,0,324,4086,0,0,1,0,7,4,112,5,8,7,16
kerala_hackers_community,кєяαℓα_нα¢кєяѕ®️,0,0,146,1,1013,7,0,0,1,0,1,0,135,2,16,1,135
lighting_bill,0,0,0,18,0,49,206,0,3,1,0,1,0,9,0,0,1,9
an0n.h4ck3r876,Ⱨ͓̽₳͓̽₵͓̽₭͓̽3͓̽Ɽ͓̽ ͓̽8͓̽7͓̽6͓̽,0,0,116,1,1294,5,0,2,1,0,2,1,87,4,30,2,43.5
qwar_es,JAMES,0,0,27,0,395,32,0,0,0,0,0,0,0,0,5,0,0
ushausha3539,Usha Usha,0,0,0,0,293,113,0,0,0,0,0,0,0,0,9,0,0
anonymous__77777__,anonymous,0,0,6,0,18,46,0,0,0,0,1,1,10,1,9,1,10
temp200782,Star,0,0,21,0,51,83,0,0,0,0,0,0,0,0,4,0,0
__kl_kalippan___,ᴋᴸ亗ᴋᴀʟɪᴘᴘᴀɴ亗,0,0,146,0,1066,1694,0,0,0,0,1,0,132,3,12,1,132
_alone_hkr,unknown,0,0,6,0,33,135,0,0,1,0,3,0,8,0,7,3,2.666666667
hareesh_346,Hari,0,0,99,0,6,33,0,0,0,0,1,0,5,0,4,1,5
kkanilkumar88,Manoj K K Mano,0,0,0,0,183,28,0,0,0,0,0,0,0,0,14,0,0
abhijithas3,Abhijith AS,0,1,0,0,164,1373,0,0,0,0,0,0,0,0,11,0,0
kalippante_kanthari_345,Kalippante Kanthari,0,0,0,0,127,26,0,0,0,0,0,0,0,0,19,0,0
noushaderakkingal,Noushad Erakkingal,0,0,0,0,21,4,0,0,0,0,0,0,0,0,18,0,0
121_kingdom,0,0,0,140,0,8,5,0,0,0,0,1,0,2,0,0,1,2
em_pe_r_mo_on,Emper _moon,0,0,0,0,1022,156,0,0,0,0,0,0,0,0,11,0,0
__aladhin_,NS__boy,0,0,79,0,188,59,0,0,1,0,22,25,766,25,7,12,63.83333333
_nadiinelmogay_,El MoGaY..✨,0,0,20,0,3564,6493,0,1,1,0,0,0,0,0,11,0,0
white._wing,Bʟᴀᴄᴋ Hᴏʟᴇ H4ᴄᴋᴇʀ,0,0,51,0,56,35,0,0,0,0,0,0,0,0,17,0,0
_mr.__.anonymous_,��ᥑґ�Ŋ.₋.���Յ,0,0,96,0,1930,1116,0,1,1,0,2,4,218,4,13,2,109
sharif5573,Sharif Uddin,0,0,0,0,548,7461,0,2,0,0,28,0,351,8,12,12,29.25
dominareld2017,dominar400,0,0,0,0,81,426,0,0,0,0,1,0,27,1,10,1,27
kohlathin,MG MG Kohlathin,0,0,0,0,37,27,0,0,0,0,0,0,0,0,15,0,0
manisha_169,Manisha,0,0,0,0,67,8,0,0,0,0,3,0,110,21,7,3,36.66666667
thejus_george_thomas,Thejus George Thomas,0,1,0,0,3125,7181,0,0,0,0,0,0,0,0,20,0,0
jobinpop,john jobin,0,0,13,0,37,57,0,0,0,0,0,0,0,0,10,0,0
mallu_hacher,MALLU_HACKER,0,0,54,0,16,75,0,0,0,0,2,0,10,0,12,2,5
shahbazali5518gm,shahbazali5518@gmlicom,0,0,0,0,65,190,0,0,0,0,4,0,9,0,22,4,2.25
malluhackers,Mallu Hackers |kerala|,0,0,31,0,206,105,0,0,0,0,4,0,172,7,22,4,43
shencherzinc,Aladin Shencher Zinc,0,0,0,0,195,375,0,0,0,0,0,0,0,0,20,0,0
surjitkumar420good,surjeet singh,0,0,0,0,50,115,0,0,0,0,10,0,55,2,13,10,5.5
aravithappu49,appu,0,0,0,0,50,240,0,0,0,0,12,0,49,0,4,12,4.083333333
diyav2020,Diya V ��,0,0,0,0,30,156,0,0,0,0,7,0,47,4,9,7,6.714285714
devudevutty900,♕︎����������� �����♕︎,0,0,116,0,132,551,0,0,0,0,5,0,89,4,21,5,17.8
pu_bg2311,sivani gubdha,0,0,0,0,28,88,0,0,0,0,0,0,0,0,13,0,0
ridergirl5731,Rider girl,0,0,2,0,33,31,0,0,0,0,1,0,3,0,10,1,3
kalippantekanthariii_,kalippante kantharii���,0,0,0,0,116,200,0,0,0,0,1,0,48,0,23,1,48
ardi5211,Ahmad Ardi,0,0,0,0,88,458,0,0,0,0,6,0,77,4,10,6,12.83333333
___suriya_sfc___,Bad Boy,0,0,27,0,95,563,0,0,0,0,16,0,77,1,7,12,6.416666667
mohammadzain4230,Mohammad Zain,0,0,0,0,733,6708,0,0,0,0,0,0,0,0,13,0,0
mohini_cd,Mohini Patil,0,0,0,0,1014,264,0,0,0,0,18,0,599,33,12,12,49.91666667
ravezy_,Ravezy,0,0,2,0,92,994,0,0,0,0,0,0,0,0,6,0,0
nandkishorkimola,jhakhd,0,0,0,0,545,7052,0,7,0,0,12,0,558,20,6,12,46.5
rkk5345,rkk,0,0,0,0,74,421,0,0,0,0,0,0,0,0,3,0,0
anu_fem,anu_fem,0,0,0,0,857,168,0,0,0,0,2,0,410,28,7,2,205
naira.sethi,Naira sethi,0,0,0,0,92,199,0,0,0,0,20,0,334,25,11,12,27.83333333
nithishkumar3886,nithishkumar,0,0,82,0,313,1665,0,5,1,0,54,0,987,6,12,12,82.25
ansal_abdul_,0,0,1,0,0,39,265,0,0,0,0,0,0,0,0,0,0,0
harisputra250,ooo,0,1,0,0,368,1293,0,0,0,0,1,0,12,0,3,1,12
through_the_nature,JP,0,0,25,0,172,1046,0,0,0,0,5,0,116,3,2,5,23.2
dhawnigupta,Dhawni Gupta,0,1,0,0,270,422,0,0,0,0,4,0,203,14,12,4,50.75
viswa_jaya,jaya Reddy,0,0,0,0,3001,6659,0,0,0,0,0,0,0,0,10,0,0
need4speed44,Need 4 speed,0,1,0,0,315,7155,0,0,0,0,1,0,15,0,12,1,15
kirt_ria_ali,kirt Ali,0,1,0,0,306,2473,0,0,0,0,18,0,289,4,8,12,24.08333333
zakir3707,Zakir Shaikh,0,0,0,0,236,2140,0,0,0,0,28,0,93,6,12,12,7.75
dha.mu,Dha Mu,0,0,0,0,118,1907,0,0,0,0,1,0,335,3,6,1,335
kuryan_007,george kuryan,0,1,0,0,364,2336,0,2,0,0,0,0,0,0,13,0,0
instakab,kab,0,0,0,0,279,3245,0,0,0,0,2,0,483,7,3,2,241.5
ayushouts,ayushouts,0,0,38,1,1908,1500,0,0,0,0,95,18,1633,37,9,12,136.0833333
_kriiishnaaa____,Krishna Rajeev,0,0,23,1,920,694,1,6,0,1,44,12,4289,237,14,12,357.4166667
sim.run03,Simran Kathpalia,0,0,27,0,374,379,0,6,0,1,14,17,1473,189,16,12,122.75
sarang_dileep_,Sarang Dileep,0,0,0,0,476,554,0,0,0,1,9,1,1086,75,13,9,120.6666667
krishna_manoj._,KRISHNA MANOJ✨,0,0,23,0,524,516,0,5,0,1,0,0,0,0,14,0,0
ritka_098,Ritika,0,1,0,0,680,775,0,12,0,1,0,0,0,0,6,0,0
officialcjunior,aswin chandanaveli �️,0,0,36,1,907,916,1,11,1,0,58,17,2484,122,21,12,207
sidharth.a_s_s,sidhartha sakthidharan,0,0,28,0,506,488,0,0,0,1,13,17,1603,98,22,12,133.5833333
_adil1._,Adil Ashraf,0,0,0,0,1486,809,0,12,1,0,18,82,5816,229,11,12,484.6666667
itzz_me__anu,Anugraha,0,0,32,0,363,433,0,12,0,1,5,7,983,85,8,5,196.6
_vipulv,ѴιƤʋ˩ Ѵ,0,0,85,0,422,417,1,12,0,0,16,50,2194,470,7,12,182.8333333
samrudha_lakshmi,Samrudha lakshmi,0,0,109,0,587,701,0,12,0,1,13,7,2655,326,16,12,221.25
dev.ipriya,Devipriya❤️,0,0,10,0,535,527,0,1,0,1,0,0,0,0,11,0,0
jeevan__jeevz,Jeevan Pramod,0,0,147,1,1073,718,0,2,1,0,5,29,1908,80,13,5,381.6
jerin.shaji13,Jerin Shaji,0,0,45,0,765,794,0,1,1,0,67,37,2498,187,11,12,208.1666667
khyaaathi,Me,0,0,55,0,1113,733,0,8,0,1,5,2,1701,132,2,5,340.2
yadhu.jpg,Yadhu Krishna M,0,0,1,1,987,1273,0,8,1,0,61,30,2407,92,15,12,200.5833333
__aks_hay_____,Akshay KS,0,0,56,0,561,539,0,0,0,0,8,18,1432,139,9,8,179
amrithasree_sn,amchii,0,0,2,0,372,505,1,7,0,1,10,10,1771,409,6,10,177.1
bingazuran,Hrishikesh P,0,0,42,0,405,449,1,2,1,0,40,27,1936,396,12,12,161.3333333
bh_ara_thh,Bharath Harish,0,0,56,0,509,654,0,3,0,1,15,55,2203,449,14,12,183.5833333
__anugrahh__,AnugraH DAS,0,0,52,0,556,472,0,8,0,1,15,29,2181,336,11,12,181.75
hxskyxx.xo,0,0,0,4,0,35,34,0,0,0,1,2,0,31,5,0,2,15.5
saiharika_16.6,___Hàríķa___,0,0,0,0,289,205,0,1,0,1,8,5,1157,76,15,8,144.625
lax.mi_m,Lekshmi Manoj,0,0,8,0,537,662,0,0,0,1,0,0,0,0,13,0,0
kutty_sankaran_,Deva..,0,0,17,0,312,247,0,0,0,1,6,16,921,309,6,6,153.5
_d_e_v_a_h_,Devagayathri,0,0,58,0,755,1229,0,1,0,1,7,10,2351,359,12,7,335.8571429
gopika__08,Gopika Gireesh,0,0,35,0,910,934,0,5,0,1,31,22,5094,481,14,12,424.5
sreedevishyamkumarmk,sreedevishyamkumar,0,1,0,0,366,371,0,0,0,1,2,7,410,165,18,2,205
____karthika____,��������,0,0,94,1,1182,869,0,12,0,1,7,5,2722,202,8,7,388.8571429
sdd410_,Ft.me,0,0,5,0,1036,1073,0,3,0,1,0,0,0,0,5,0,0
_shogil_,ShoGil Babu,0,0,42,1,1309,1064,1,15,1,0,135,41,3080,197,11,12,256.6666667
sayanth_b_kumar,��️K,0,0,32,0,603,766,0,9,0,0,9,16,2007,172,4,9,223
_devika_s_menon,✨ᎠᎬᏉᎥᏦᎪ ✨,0,0,45,0,821,631,0,2,0,1,1,3,406,57,9,1,406
thalha.jamshid,Thalha,0,0,2,0,716,712,0,3,0,0,3,7,752,126,6,3,250.6666667
meenakshy_sreedhar_,Meenakshy Sreedhar,0,0,1,0,640,529,0,5,0,1,9,21,2230,148,18,9,247.7777778
adithya_amarnath,ADITHYA AMARNATH,0,0,2,0,741,457,0,0,0,1,7,9,1336,9,16,7,190.8571429
pranavi__gera,P P G,0,0,0,0,1227,1001,0,12,0,1,96,10,5050,133,5,12,420.8333333
_abijith_prasanthan_,Abijith Prasanthan,0,0,26,0,489,514,0,2,0,1,10,11,944,43,18,10,94.4
manneri_bro,����� �������,0,0,100,0,1316,978,1,9,1,0,99,20,2558,114,13,12,213.1666667
aloshya_joy,V A V A,0,0,85,0,919,1366,0,1,0,1,10,45,4462,430,7,10,446.2
naharnazar,Nahar Nazar,0,0,128,0,393,761,0,3,0,1,9,9,906,59,11,9,100.6666667
abhishek.nair1,Abhishek Nair,0,0,143,1,590,509,1,3,1,0,4,10,1075,186,13,4,268.75
polo.theboss,Polo �❤️,0,0,125,0,161,156,1,3,1,0,33,17,483,26,8,12,40.25
abhisheknair_in,Abhishek �,0,0,98,0,936,479,1,7,0,1,99,9,2434,200,10,12,202.8333333
miteshsk7,Mitesh,0,0,0,0,715,606,0,7,0,1,30,42,2721,215,6,12,226.75
sradha_shaji,sradha_shaji,0,0,21,0,338,370,0,0,0,1,21,6,1973,118,12,12,164.4166667
dr.basikka.bakthan,BASI BLOOD,0,0,132,0,106,172,1,1,0,0,9,1,278,99,10,9,30.88888889
rithik_telstar,rithik,0,0,43,0,770,678,0,7,1,0,115,44,2548,374,6,12,212.3333333
ameen0222,Ameen Abdu Rahim,0,0,16,0,469,495,0,1,0,1,7,9,775,49,16,7,110.7142857
jewelfoster_,Jewel Foster,0,0,52,0,345,129,0,2,0,1,0,0,0,0,12,0,0
_praveena_kumaraswamy,प्रवीणा �,0,0,17,1,702,680,0,6,0,1,47,72,3881,376,9,12,323.4166667
ga_yeah_tri,G A Y A T R I,0,0,52,0,530,336,0,6,0,1,0,0,0,0,13,0,0
am_sooraj_,�‌�‌�‌�‌�‌�‌,0,0,51,0,1002,1892,0,0,1,0,13,10,2767,118,12,12,230.5833333
aidrincorreya,█ ���ℝ�ℕ ℂ�ℝℝ��� █,0,0,124,0,1081,982,0,6,1,0,19,4,4470,593,18,12,372.5
adwaid__k_,Adwaid K Sivaram,0,0,0,0,352,510,0,1,0,1,1,8,178,14,16,1,178
aswathi_padmakumar,Aswathi Padmakumar,0,0,37,0,644,555,0,6,0,1,11,5,3182,208,18,11,289.2727273
k_rth__k,Karthik Maddala,0,0,0,0,123,118,0,0,0,1,2,0,85,11,15,2,42.5
a_t_m_a_s_v_i_b_e_s,Akhil B Nair,0,0,124,0,457,1354,1,5,0,1,41,193,1375,379,12,12,114.5833333
punnya__k,PUNNYA,0,0,26,0,170,218,0,1,0,1,0,0,0,0,6,0,0
_anjali_mohan__,Anjali Mohan,0,0,0,0,342,339,0,0,0,1,0,0,0,0,12,0,0
__kuk_ku___,$n€#@  $७४€$#,0,0,149,0,198,207,0,0,0,1,0,0,0,0,13,0,0
th_eja_,The_ja,0,0,0,0,371,447,0,0,0,1,2,0,228,18,6,2,114
kxrtxkxyoo,�‍♀️,0,0,42,0,147,127,1,0,0,1,52,15,823,27,4,12,68.58333333
__marika__private__0,•������� ������������•,0,0,62,0,173,218,0,3,0,1,0,0,0,0,22,0,0
sathya_sathyajith_,Sathyajith K Jith,0,0,68,0,169,109,0,0,1,0,17,0,339,1,17,12,28.25
lisdaiq,0,0,0,53,0,518,602,0,5,0,1,85,7,1040,57,0,12,86.66666667
_jav__ed_,Javed,0,0,127,0,652,647,0,1,0,0,15,60,2721,388,5,12,226.75
deeptiihada,Deepti Hada,0,0,34,1,1417,1519,1,9,0,1,33,8,7617,491,11,12,634.75
wasim_aman,Aman Wasim,0,0,0,0,266,265,0,0,0,0,1,0,126,18,10,1,126
anjalikrishna550,@_ sa_yu_jya,0,0,22,0,266,337,0,0,0,1,0,0,0,0,12,0,0
megha_chandran_k,Megha Chandran,0,0,0,0,189,205,0,0,0,1,1,2,114,3,14,1,114
d_v_r_g,ᴅᴇᴠᴀʀᴀɢ ᴀʏᴀᴛᴀᴛʜ,0,0,52,0,408,560,0,3,0,0,57,7,1302,39,15,12,108.5
nisha_rajesh15,Nisha Rajesh,0,0,0,0,142,170,0,0,0,1,7,0,306,54,12,7,43.71428571
_kukku_3_,Sneha Suresh,0,0,90,0,73,164,0,0,0,1,0,0,0,0,12,0,0
always_offlimitz,Anooj,0,0,19,0,480,506,1,0,0,0,0,0,0,0,5,0,0
ashuraash3,ashura binth ali,0,1,0,0,265,269,0,0,0,1,0,0,0,0,16,0,0
amal.skp,AmalSkp,0,0,39,0,742,627,0,6,0,1,8,20,2700,207,7,8,337.5
jinto_v_mathew,Jinto V Mathew,0,0,148,0,370,633,0,0,0,1,3,0,176,15,14,3,58.66666667
prithwi_hemu,Hemu R Prithwi,0,0,49,0,576,838,0,2,0,1,2,4,194,12,14,2,97
aath_ira_shine_,Aathira shine,0,0,145,0,1045,741,1,6,0,1,14,29,3726,288,13,12,310.5
homo.sapien_98,Rahul Sani,0,0,0,0,736,649,1,9,0,0,159,10,2688,269,10,12,224
shivanshu_singh_,shivanshu singh,0,0,8,0,744,683,0,2,1,0,9,2,2113,160,15,9,234.7777778
s_h_i_n_z_,Shins,0,0,0,0,598,166,0,0,1,0,2,0,687,18,5,2,343.5
emmie_kinasha_,Meenakshi,0,0,137,0,54,131,0,1,1,0,6,0,77,0,9,6,12.83333333
_roshan______,ROSHAN,0,0,61,0,659,965,1,8,1,0,17,15,2551,156,6,12,212.5833333
z3r0k._,0,0,0,27,0,167,185,0,0,0,1,23,22,1035,119,0,12,86.25
taniya_rajesh,Taniya Rajesh,0,0,0,0,405,410,0,0,0,1,3,2,334,39,13,3,111.3333333
____advait__,Advait,0,0,10,0,214,275,0,0,0,1,5,3,452,28,6,5,90.4
_yash_rahman_,Yashin Rahman,0,1,10,0,398,456,0,0,0,0,2,3,394,80,13,2,197
shiri_cherry,SHIRIN SANU,0,0,8,0,368,453,0,7,0,1,3,4,258,5,11,3,86
_nith_1n,ℕ��ℍ�ℕ,0,0,74,0,453,355,0,3,0,0,0,0,0,0,6,0,0
_isridevi,Sridevi,0,0,69,0,537,631,0,0,0,1,4,2,763,43,7,4,190.75
_megha__suresh_,Megha Suresh,0,0,16,0,548,566,0,1,0,1,16,22,3333,661,12,12,277.75
jabin_abduljabbar,Jabii,0,0,57,0,359,403,0,2,0,1,33,16,2069,217,5,12,172.4166667
aravind__arun,Aravind,0,1,0,0,500,489,0,0,1,0,3,24,528,33,7,3,176
belle._.ame1203,Devika Rajeesh,0,0,69,0,376,373,0,1,0,1,20,6,1957,227,14,12,163.0833333
2_ni8____h_u_n_t_e_r,Abhinav,0,0,18,0,193,223,0,1,0,1,0,0,0,0,7,0,0
dream_lover1234,anjali,0,0,17,0,136,125,0,0,0,1,0,0,0,0,6,0,0
amina_thamannaah_,Amina Thamanna,0,0,46,0,794,816,0,9,0,1,8,2,2931,253,14,8,366.375
mayank_shakya23,Mayank Kumar,0,1,0,0,129,169,0,0,0,1,0,0,0,0,12,0,0
an33_sh_,ANEESH NADH,0,0,20,0,382,508,0,0,0,0,7,0,664,18,11,7,94.85714286
v1dhun,Vidhun Viswanathan,0,0,0,0,472,375,0,0,0,1,15,5,786,8,18,12,65.5
athira____menon,������ �����,0,0,17,0,475,563,0,1,0,1,21,9,2276,123,12,12,189.6666667
abhilashabhiaps,Abhilash Abhi Aps,0,0,0,0,408,457,0,0,0,0,14,1,1063,33,17,12,88.58333333
__arathiii_____,Ar@thi_pm,0,0,23,0,92,105,0,2,0,1,10,0,500,47,9,10,50
heraculus,محسنہ,0,0,12,0,338,347,0,0,0,1,13,0,801,28,5,12,66.75
sxnjxnx777,sanjana,0,0,22,0,130,137,0,0,0,1,22,28,746,127,7,12,62.16666667
simrann_gupta,Simran Gupta �,0,0,7,0,124,194,0,0,0,1,0,0,0,0,14,0,0
surya_teja_vaddi,surya_teja_vaddi,0,0,15,1,648,792,1,0,0,0,134,1,2430,98,16,12,202.5
_afeeha_ash_,Afeeha Ashraf,0,0,43,0,640,475,0,6,0,1,2,4,361,29,13,2,180.5
__sachin_sach__,__ŠÄČHÎŃ_ŚĀČH__,0,0,45,0,205,195,0,0,0,1,0,0,0,0,23,0,0
prabin_katteri,Prabin Katteri,0,0,0,0,28,28,0,0,0,1,21,0,95,8,14,12,7.916666667
aazra.xv,Aazra,0,0,69,0,493,744,0,0,0,1,0,0,0,0,5,0,0
karthika_kan,Karthika A Nair,0,0,44,0,304,370,0,1,0,1,18,28,1764,105,15,12,147
midhun_koyilandy,Midhun Koyilandy,0,0,114,0,614,1469,0,2,0,0,82,0,1070,40,16,12,89.16666667
manvendrasharma2030,0,0,0,0,0,57,64,0,0,0,1,0,0,0,0,0,0,0
ma_gical____spar_kling,sandra__v,0,0,1,0,184,187,0,0,0,1,7,1,587,21,9,7,83.85714286
_s_re_e_ha_r_i,Sreehari T,0,0,1,0,162,166,0,0,1,0,0,0,0,0,10,0,0
abhisheks.ak,a. B_ h. ..i,0,0,0,0,514,775,0,0,0,0,7,17,1678,248,12,7,239.7142857
abhirami_2k01,���������,0,0,98,1,1237,936,0,7,1,0,11,21,3733,297,9,11,339.3636364
rohit._.narayanan,Rohit Narayanan,0,0,20,0,932,4526,0,0,0,0,5,1,739,16,15,5,147.8
saj_eed01,Muhammad Sajeed,0,0,12,0,817,813,0,2,0,1,10,12,2599,329,15,10,259.9
the_winterpilot_,ᴛʜᴇ ᴡɪɴᴛᴇʀᴘɪʟᴏᴛ,0,0,27,0,1107,466,1,4,1,0,25,32,1535,146,15,12,127.9166667
chandana_cs_0,chandana cs,0,0,0,0,183,193,0,0,0,1,1,0,53,0,11,1,53
sandra_jvhr,������ ��������,0,0,23,0,776,990,0,0,0,1,0,0,0,0,15,0,0
aniyaskoombara,Aniyas Koombara,0,0,31,0,831,1006,0,0,1,0,23,0,3056,103,15,12,254.6666667
malvika_m001,malavika,0,0,30,0,683,791,0,0,0,1,5,13,1575,192,8,5,315
_n4mii._,ɴᴀᴍɪᴛʜᴀ s,0,0,53,0,691,678,0,7,0,1,10,21,2744,273,9,10,274.4
sudheesh.kv3,Sudheesh Kv,0,0,0,0,116,166,0,0,0,0,0,0,0,0,11,0,0
asvinraj999,asvinraj,0,0,0,0,167,218,0,0,0,0,5,0,155,7,8,5,31
nanditamenon003,Nandita Menon,0,0,67,0,990,853,0,2,0,1,1,0,650,61,13,1,650
_megha.rajan_,MEGHA R,0,0,109,0,208,235,0,0,0,1,5,6,593,73,7,5,118.6
___ma___world__,hey,0,0,0,0,34,10,1,0,0,0,6,6,158,13,3,6,26.33333333
remilkoyilandy,REMIL,0,0,0,0,299,603,0,0,0,1,28,0,304,2,5,12,25.33333333
afthab_606,mohamed afthab bs,0,0,33,0,397,379,0,2,0,1,12,0,1512,150,17,12,126
_a.k.i.v.a_,Malavika,0,0,119,0,325,336,0,2,0,1,12,5,1617,230,8,12,134.75
amal_ap_pu,Amal appu,0,0,12,0,319,422,0,0,0,0,27,20,1217,88,9,12,101.4166667
z.o.ay,zOe,0,0,70,0,99,121,0,0,0,1,6,0,284,206,3,6,47.33333333
iam_lazim,Lazim Sajid,0,0,42,0,754,826,0,0,0,1,0,0,0,0,11,0,0
_varun.nair_,Varun Nair,0,0,44,1,584,586,0,1,0,1,209,11,1417,63,10,12,118.0833333
_r.e.e.ma_,0,0,0,21,0,100,100,0,0,0,1,14,9,584,65,0,12,48.66666667
alka2672,Alka Balakrishnan,0,0,9,0,226,226,0,0,0,1,10,1,784,33,17,10,78.4
_vy_shna_vy_,Vyshnavy Sajeev,0,0,71,0,675,696,0,1,0,1,0,0,0,0,15,0,0
ashut0sha,Ashutosh Ahelleya,0,0,68,1,292,352,0,1,0,1,35,26,1424,51,17,12,118.6666667
shaheen_aliii,��‍♂,0,0,0,0,193,223,0,0,0,0,1,0,68,14,4,1,68
neena_sathyan,Neena Sathyan,0,0,0,0,55,74,0,0,0,1,1,1,25,6,13,1,25
ayushihihi,Ayushi Sharma,0,0,53,0,299,317,0,5,0,1,9,0,1159,193,13,9,128.7777778
athulmenon_,Athul Menon,0,0,12,0,713,1161,0,0,0,1,0,0,0,0,11,0,0
d_h_ee_r_aj,Dheeraj,0,0,23,0,280,357,0,5,0,0,9,3,778,85,7,9,86.44444444
midhun_c_m,Midhun Cm,0,0,37,0,605,638,0,0,0,0,31,1,1640,209,9,12,136.6666667
chandana__19_,chandana,0,0,0,0,309,264,0,0,0,1,5,0,463,18,8,5,92.6
salmxnfaris,Salman Faris,0,0,28,0,421,461,0,1,0,1,20,13,1780,143,12,12,148.3333333
a_k_p7777,Amrit K Pillai,0,0,46,0,353,602,0,1,0,1,0,0,0,0,14,0,0
lakshmi_._lakshmi,Lakshmi,0,0,57,0,125,140,0,1,0,1,0,0,0,0,7,0,0
riya_r002,Riya_R,0,0,17,0,172,207,0,0,0,1,3,4,356,67,6,3,118.6666667
thomasmjosline,Thomas M Josline Mattathil,0,0,0,0,457,560,0,0,0,0,4,0,486,43,26,4,121.5
nickadarsh,Adarsh Nick,0,0,10,0,223,349,0,0,0,0,1,0,66,4,11,1,66
__.abh.i,ᴅ ᴇ ᴍ Ø ɴ ⛩️,0,0,85,1,290,165,1,4,1,0,16,92,1488,288,12,12,124
pranay____007,Pranay Gopalkrishnan,0,0,112,0,635,867,1,0,1,0,29,10,1676,204,20,12,139.6666667
sshanky_____,shanky,0,0,1,0,107,102,0,1,0,1,18,0,458,75,6,12,38.16666667
anagha_530,Anagha Pavithran,0,0,99,0,491,488,0,0,0,1,9,1,2201,231,16,9,244.5555556
sarang.nair_,Sarang G Nair�,0,0,44,0,104,99,0,0,0,1,0,0,0,0,14,0,0
kausarhanna,kausar hanna,0,0,0,0,517,568,0,1,0,1,7,25,1436,66,12,7,205.1428571
rohit_gen,Rohit Genome,0,0,0,0,449,495,0,0,0,1,0,0,0,0,12,0,0
thoyaja_malisetty,Thoyaja,0,0,47,0,411,486,0,0,0,1,0,0,0,0,7,0,0
kri_s_.h,Anantha krishnan,0,0,106,0,617,593,0,4,0,1,21,67,2007,196,16,12,167.25
haz_z_im,Hazim•Saud,0,0,26,0,649,713,0,0,0,1,1,0,290,43,10,1,290
jose_m_josline,Jose M Josline Mattathil,0,0,68,0,334,420,0,0,0,0,1,0,140,4,24,1,140
_arathi_prem,Arathi Premkumar,0,0,0,0,450,486,0,0,0,1,7,10,1466,83,16,7,209.4285714
ars_ha_ki_shor,Ａｒｓｈａ ☀,0,0,131,0,421,307,0,4,0,1,8,21,1823,335,7,8,227.875
vyshnavi_t_p,VYSHNAVI,0,0,55,0,531,534,0,5,0,1,6,10,1421,206,8,6,236.8333333
m_shey_,Mithra Sherin,0,0,21,0,969,970,0,0,0,1,4,1,1734,143,13,4,433.5
vin4y4k_r_p,Vin∆y∆k ® ¶i11∆i,0,0,57,0,391,530,0,0,0,1,12,2,933,19,16,12,77.75
vishhhpriya,�����,0,0,20,0,391,438,0,0,0,1,0,0,0,0,5,0,0
hk_sud_30,HariShankar Sudheer,0,0,39,0,260,357,0,2,0,1,0,0,0,0,19,0,0
haneena_hani__,Haneena�,0,0,0,0,309,349,0,2,0,1,0,0,0,0,8,0,0
_._d.e.v.u.__,Devika Sathyan,0,0,34,0,776,618,0,5,0,1,7,3,2192,156,14,7,313.1428571
raghilreigns,RGL,0,0,37,0,461,573,0,0,0,0,22,32,1398,76,3,12,116.5
gopika.sidharth,GOPIKA SIDHARTH,0,1,20,0,324,242,0,2,0,1,0,0,0,0,15,0,0
vyshnavi.saju,Vyshnavi Saju,0,0,46,0,713,692,0,1,0,1,17,32,4111,187,13,12,342.5833333
sruthysreenivasc,sruthy sreenivas,0,0,11,0,541,777,0,0,0,0,80,0,1666,122,16,12,138.8333333
gijithasajeev,Gayathri geethu,0,0,0,0,62,98,0,0,0,1,6,1,50,2,15,6,8.333333333
_meenakshi_rajeev_,Meenakshi Rajeev,0,0,3,0,536,485,0,0,0,1,0,0,0,0,16,0,0
pankaja_0210,Pankajavalli RV,0,0,60,0,475,1072,0,1,0,1,34,0,1475,41,15,12,122.9166667
arathi_ks,Arathi,0,0,0,0,225,245,0,1,0,1,0,0,0,0,6,0,0
saasthavasan,Saastha Vasan,0,0,40,0,446,497,0,2,0,1,26,7,2071,61,13,12,172.5833333
_sreeram.anil_,Sreeram Anil,0,0,23,0,620,516,0,0,0,1,2,15,443,13,12,2,221.5
ann_maria11,Ann Maria John,0,0,0,0,189,170,0,0,0,1,0,0,0,0,14,0,0
aswathi_kb,Aswathi,0,0,0,1,637,755,0,3,0,1,15,31,3046,442,7,12,253.8333333
oru_chattambi_,soorya _Narayan,0,0,79,0,246,293,0,1,0,0,18,128,1446,423,15,12,120.5
mala_vika__menon,MalaVika�,0,0,42,0,321,323,0,0,0,1,0,0,0,0,9,0,0
sachi_lekha,Sachi,0,0,19,0,496,580,0,0,0,1,0,0,0,0,5,0,0
vishnu_25__,VISHNU M VIJAY,0,0,12,0,1214,764,0,0,0,1,24,13,4264,339,14,12,355.3333333
basil__mohammed,BASIL MOHAMMED,0,0,48,0,1276,1303,0,8,0,1,76,27,3600,359,14,12,300
devapriyaashok,Devapriya�,0,0,7,0,619,364,0,0,0,1,0,0,0,0,10,0,0
__._haripriya_.__,�HARIPRIYA�,0,0,115,0,1134,960,1,6,0,1,17,41,4975,1842,11,12,414.5833333
farzin_zahal,Farzin zahal ➰,0,0,32,0,719,830,0,3,0,1,11,9,2699,118,14,11,245.3636364
chamalaanirudh,Anirudh Chamala,0,0,150,0,442,511,0,1,0,1,4,0,319,7,15,4,79.75
gayathri.ar,Gayathri A R�,0,0,1,0,619,694,0,3,0,1,11,24,2708,315,13,11,246.1818182
anek.c.b,Anek,0,0,28,0,131,142,0,0,0,0,0,0,0,0,4,0,0
gunasekhar15__,Guna Sekhar,0,0,0,0,156,171,0,0,0,1,0,0,0,0,11,0,0
abhi_ram98,ABHiŔäM,0,0,78,0,794,1107,0,2,0,1,28,17,3036,190,9,12,253
muhammed_ch_,محمد,0,0,1,0,352,469,0,1,0,1,4,5,484,19,4,4,121
amrutha_jayaraj,Amrutha Jayaraj,0,0,113,0,645,760,1,9,0,1,49,27,3607,311,15,12,300.5833333
_hari__nandan_,Harinandan,0,0,0,0,574,536,0,0,0,0,2,4,395,27,10,2,197.5
_thamannaah__,Amina Thamanna,0,0,0,0,109,75,0,1,0,1,3,2,274,16,14,3,91.33333333
i_am_avi_here,Avinash Hari K P,0,0,63,0,666,1049,0,0,0,1,12,3,2310,71,16,12,192.5
amrutha_krishna_,Amrutha Krishna,0,0,27,0,731,744,0,6,0,1,21,5,3450,523,15,12,287.5
abhirami.kp,Abhirami,0,0,0,0,509,562,0,0,0,1,3,1,772,87,8,3,257.3333333
errorist_99,akash Sk,0,0,12,0,485,495,0,1,0,1,6,4,644,23,8,6,107.3333333
_spandana_devisetty_,SPÂÑDÃNĀ�,0,0,24,0,597,576,0,7,0,1,10,1,3068,273,13,10,306.8
_dr_deadpool_,Sai Ghnateesh,0,0,0,0,223,326,0,0,0,1,0,0,0,0,13,0,0
a_lud__,Adil Ahmed,0,0,0,0,273,300,0,0,0,0,1,6,85,4,10,1,85
meenutti004,Varun At,0,0,32,0,217,424,0,0,0,1,0,0,0,0,8,0,0
aiishu._,Aishwarya Nair,0,0,0,0,460,563,0,0,0,1,0,0,0,0,14,0,0
liyana_muneer_,Liyana muneer,0,0,99,0,651,882,0,15,0,1,7,6,2038,135,13,7,291.1428571
noushad_parackal,Noushad Parackal,0,0,126,1,778,951,0,2,0,1,33,20,2629,107,16,12,219.0833333
harry_1_6_1,Harsha Vardhana�,0,0,0,0,506,910,0,7,0,1,89,8,2158,92,16,12,179.8333333
h33raj,Heeraj Haridas Nair,0,0,42,1,404,586,0,4,1,0,19,2,1375,48,19,12,114.5833333
_._poojaaa._._,POOJA,0,0,0,0,389,293,0,2,0,1,4,5,793,50,5,4,198.25
chandana__00,�ℎ������ ��,0,0,58,0,620,575,0,5,0,1,9,19,1271,87,11,9,141.2222222
anupama.nk.90,Anupama NK,0,0,0,0,200,273,0,0,0,1,1,0,103,20,10,1,103
najahniju,Najah Niju,0,0,0,0,164,234,0,0,0,1,2,0,162,24,10,2,81
_nifii_,Nifin Fatima,0,0,30,0,961,721,1,5,0,1,10,8,3779,318,12,10,377.9
m_a_m_i_c_o_n_i_a_n,0,0,0,51,0,186,182,0,8,0,1,28,43,966,208,0,12,80.5
mukil_suresh_5342,Mukil Suresh,0,0,52,0,594,1139,0,0,0,1,46,37,2766,276,12,12,230.5
pranayspammm,jacky bhaii��,0,0,107,0,45,47,1,0,0,1,25,9,226,106,13,12,18.83333333
s35ky,Amal,0,0,75,0,858,1002,0,1,1,0,95,21,2488,68,4,12,207.3333333
geethnatk,Geethna,0,0,0,1,369,320,0,0,0,1,28,7,1330,49,7,12,110.8333333
man.steel.x,Nikhil Varghese,0,0,0,0,63,85,0,0,0,0,0,0,0,0,15,0,0
__var__sha___,Varsha M,0,0,46,0,818,734,0,4,0,1,8,6,2725,352,8,8,340.625
itzz_tym_2_confess_amrita,Amrita Confessions..,0,0,145,0,1055,176,0,7,0,0,205,0,2617,57,20,12,218.0833333
abd__shahad,S  H  A  H  A  D,0,0,37,0,281,346,0,1,0,0,3,1,379,47,16,3,126.3333333
_ashwinisuresh_,अश्विनी सुरेश.,0,0,1,0,391,562,0,7,0,1,15,28,2490,366,14,12,207.5
shakticon,0,0,0,120,1,61,0,0,0,0,0,11,4,140,9,0,11,12.72727273
arunkiranma,Arun Kiran,0,0,13,0,184,141,0,0,0,0,3,0,82,1,10,3,27.33333333
vaishnav_s_n,��������_�_�,0,0,69,1,380,355,1,1,1,0,6,22,549,28,12,6,91.5
udaykrishna_1255,U_D_A_Y�,0,0,8,0,782,686,0,4,0,0,5,77,1793,335,8,5,358.6
vaishnav0007,�������� � ��������,0,0,98,1,442,407,0,2,1,0,0,0,0,0,19,0,0
adithyan_._nair,Aditya Nair,0,0,150,0,202,507,0,7,0,1,21,0,565,13,11,12,47.08333333
mrf4lc0n,Jaswanth Bommidi,0,0,8,0,669,515,0,6,0,1,5,0,868,11,16,5,173.6
amal_kasim_2000,Amal Kasim,0,0,110,0,1217,1468,0,0,0,0,0,0,0,0,10,0,0
_its._.vivek_,RioT,0,0,0,0,571,562,0,1,0,1,30,53,2726,97,4,12,227.1666667
_kasthuri_kasn,Kasthuri Nair,0,0,32,0,736,827,0,3,0,1,14,11,3168,390,13,12,264
v_e_e_r_333,Siddasai VéÈr,0,0,14,0,209,217,0,1,0,1,14,6,827,41,15,12,68.91666667
sanslays_,Sanjana,0,0,89,0,625,790,0,1,0,1,12,6,2716,140,7,12,226.3333333
_.bhagya._p,�BHA_GYA�,0,0,56,0,213,165,0,0,0,1,0,0,0,0,9,0,0
a._na._g._ha,_Anagha_,0,0,42,0,608,603,0,3,0,1,0,0,0,0,8,0,0
rajan_nikhil,0,0,0,0,0,172,320,0,0,0,0,0,0,0,0,0,0,0
vysakh._nair,Vysakh Nair,0,0,39,0,359,362,0,0,0,1,0,0,0,0,11,0,0
_shyam__s,� ℍ � � �. �,0,0,28,0,871,878,1,2,0,1,77,21,3020,397,12,12,251.6666667
suryoski,Suryan☀️�,0,0,0,0,248,417,0,0,0,1,0,0,0,0,9,0,0
a_k_a_s_h_k_t,� ᴀsʜ �,0,0,0,0,1000,928,0,3,0,1,9,14,2681,101,7,9,297.8888889
ajil.ak.2255,Ajil AK,0,0,26,0,690,564,0,0,0,0,3,25,584,83,7,3,194.6666667
nidh.in_v,Nidhin.v,0,0,44,0,285,288,0,0,0,1,2,1,293,62,8,2,146.5
_me_gh_a_123,megha,0,0,0,0,310,157,0,2,0,1,0,0,0,0,5,0,0
_.ria.____,Riya Fathima,0,0,6,0,798,736,0,17,0,1,10,2,2359,89,12,10,235.9
_anaga____,Anaga Suresh,0,0,36,0,573,656,0,3,0,1,16,12,3694,164,12,12,307.8333333
m0hd_jassim,Mohammed Jassim,0,0,11,0,381,466,0,4,0,1,5,7,559,7,15,5,111.8
_rahoool_,Rahul Mohan,0,0,45,0,555,1026,0,0,0,1,8,19,1178,188,11,8,147.25
aswin_m_a_n_u,ASWIN,0,0,0,0,294,289,0,0,0,1,0,0,0,0,5,0,0
the__unique___one,Anurag S,0,0,86,0,842,711,0,0,0,0,24,33,3535,350,8,12,294.5833333
known_as_danwand47,danwand,0,0,121,0,330,458,0,1,0,1,8,0,410,7,7,8,51.25
__saranya_,Saranya Thayat,0,0,0,0,351,580,0,0,0,1,3,0,581,60,14,3,193.6666667
mithumohanan,Mithun,0,0,0,0,89,195,0,0,0,1,9,0,143,5,6,9,15.88888889
justnikhil_01,NIKHIL CHAGANTI,0,0,148,0,418,384,0,0,0,1,3,6,567,61,15,3,189
devika_p___,Devika P,0,0,41,0,506,493,0,6,0,1,8,7,1951,437,8,8,243.875
hermith_1499,Hermith,0,0,0,0,634,357,0,0,0,1,17,49,2165,230,7,12,180.4166667
kanakasree_mohan,_moon child_�,0,0,53,0,683,966,1,7,0,1,8,0,2300,439,13,8,287.5
zeusprivv__,Zeus,0,0,72,0,123,124,0,0,0,1,9,4,535,56,4,9,59.44444444
sreerag.vivek,z3r0_K,0,0,53,0,1190,1113,0,1,1,0,14,20,4903,424,6,12,408.5833333
runi.divya,Arunima Divya,0,0,0,0,262,291,0,0,0,1,18,53,1291,208,13,12,107.5833333
bharathprathap,Bharath Prathap,0,0,51,0,346,440,0,3,0,1,15,17,1067,57,15,12,88.91666667
quotes_cgh,Craziness Gives Happiness �,0,0,121,1,362,369,0,8,1,0,446,20,235,14,27,12,19.58333333
sayoojsamuel,Sayooj Samuel,0,0,23,1,340,400,0,3,0,1,8,9,508,15,13,8,63.5
d_gearbreaker,The Gear Breaker,0,0,41,0,922,128,1,0,0,1,10,0,274,8,16,10,27.4
_.arjun._.rathya._,ArJun RathYa,0,0,17,0,447,436,0,4,0,1,9,43,952,161,12,9,105.7777778
_arvind.pvt,Arvind,0,0,6,0,316,327,0,0,0,1,1,2,133,11,6,1,133
avm_buddies,AVM Budies,0,0,40,0,228,280,0,0,0,0,6,0,662,5,10,6,110.3333333
niharikha____nihu,nihu�,0,0,0,0,818,880,0,24,0,1,29,19,3619,962,5,12,301.5833333
hayam_faizal,Hayam.,0,0,1,0,589,553,0,1,0,1,0,0,0,0,6,0,0
devitha_anil,Devitha Anil,0,0,35,0,401,451,0,0,0,1,3,2,541,30,12,3,180.3333333
mommy_dearest___,sreerekha,0,0,134,0,208,67,0,0,1,0,73,0,619,11,9,12,51.58333333
_mystgirl_,āŗyā ŋāŋdā,0,0,72,0,374,370,0,0,0,0,21,0,1232,22,15,12,102.6666667
adw4ith,adwaith,0,0,0,0,1161,1172,0,0,1,0,24,151,3681,602,7,12,306.75
prague_ertha,@champagnefabulous!!!,0,0,150,0,713,702,1,88,0,1,126,4,1327,99,21,12,110.5833333
sijin_chandran,sijinchandran,0,0,0,0,393,622,1,0,1,0,52,34,675,7,13,12,56.25
ihsansaj,Ihsan Saj Saj,0,0,0,0,150,214,0,0,0,0,1,1,64,2,13,1,64
s4nd_hanitizer,Siddhi Menon,0,0,1,0,327,369,0,0,0,1,1,0,113,0,12,1,113
najah_bin_gafoor,Muhammed Najah,0,0,117,0,451,307,0,5,0,1,9,3,1666,115,14,9,185.1111111
dark_side_lover._,DARK_SIDE_LOVER._,0,0,69,0,250,450,0,1,0,0,0,0,0,0,17,0,0
_3_jen_13,[JEN JOSEPH JAMES],0,0,15,0,785,713,0,4,1,0,54,41,3573,263,18,12,297.75
__p___n___k__,Parameshwaran Namboothiri,0,0,0,0,248,170,0,4,0,1,0,0,0,0,25,0,0
jeffz_roja,Jeffzine Roja,0,0,101,1,801,1456,0,0,0,1,0,0,0,0,13,0,0
dev_nath_10,NAVIGATOR,0,0,99,0,485,872,0,0,0,1,25,2,1861,133,9,12,155.0833333
akymaster,Akshay V,0,0,0,1,638,749,0,0,0,1,9,2,1123,33,8,9,124.7777778
aman__rah__man,أمن رحمآن,0,0,0,0,484,532,0,1,0,1,2,7,385,9,11,2,192.5
__saikrishna_challa__,saikrishna challa,0,0,75,0,543,498,0,0,0,1,19,31,2241,424,17,12,186.75
tejeshwar.mk,0,0,0,50,0,472,732,0,0,0,1,3,5,349,18,0,3,116.3333333
ana_swa.ra,ᵃⁿᵃˢʷᵃʳᵃ,0,0,42,0,223,225,0,0,0,1,0,0,0,0,8,0,0
ale__ena,Aleena,0,0,11,0,1767,500,0,4,0,1,4,3,1430,58,6,4,357.5
indrarajbiswas1608,Indraraj Biswas,0,0,75,0,415,153,1,0,0,0,0,0,0,0,15,0,0
rith_vik_7,Rithvik Vukka,0,0,56,0,216,219,0,3,0,1,6,5,450,28,13,6,75
aswin_s__k,ᴀꜱᴡɪɴ ꜱᴋ,0,0,24,0,229,189,0,0,0,0,4,11,303,113,8,4,75.75
rifaaaa_finser,Rifaaa,0,0,17,0,663,523,1,20,0,1,73,18,2585,122,6,12,215.4166667
amaltk12,Amal Tk,0,0,10,0,139,188,0,0,0,1,8,0,178,4,7,8,22.25
trabodalabs,Traboda CyberLabs,0,0,31,1,130,4,0,0,1,0,3,7,173,0,17,3,57.66666667
infinite_soul23_,Aswathi Balakrishnan,0,0,110,0,793,830,0,3,0,1,0,0,0,0,20,0,0
devagopal.__,Devagopal,0,0,66,0,919,974,0,0,0,1,0,0,0,0,9,0,0
badomen_,Hareendran V Unni,0,0,28,1,1900,672,0,38,0,1,245,16,3512,724,17,12,292.6666667
anurag_vakkalanka,Anurag Vakkalanka,0,0,43,0,401,426,0,1,0,1,5,1,585,34,17,5,117
__sanjana_suresh__,SANJANA SURESH,0,0,33,0,238,362,0,1,0,1,4,0,512,59,14,4,128
_chx.chu_,Vaishnav�,0,0,29,0,502,475,0,5,0,1,16,18,1884,151,9,12,157
vijithvellora,Vijith Vellora,0,0,49,1,1147,584,0,10,0,1,268,1,1258,52,14,12,104.8333333
devika_sugathan,Devika Sugathan,0,0,1,0,595,686,0,3,0,1,12,50,2358,269,15,12,196.5
sabarinadhbg,sabarinadhbg,0,0,62,0,252,507,0,0,0,0,0,0,0,0,12,0,0
sarang__nidz,Sarang,0,0,1,0,260,277,0,0,0,0,0,0,0,0,6,0,0
rojr_4510,AKASH K M,0,0,112,0,462,626,1,3,0,0,9,37,1531,262,9,9,170.1111111
afthab732,� � � � � � �,0,0,24,0,637,700,0,0,0,1,0,0,0,0,13,0,0
ds_aryazzz,Arya Nanda D S,0,0,22,0,518,654,0,0,0,1,2,0,556,163,14,2,278
r1chu__,�������,0,0,22,0,596,477,0,0,0,1,0,0,0,0,7,0,0
ardra_rajesh_01,Ardra Rajesh,0,0,49,0,619,684,0,4,0,1,37,42,2313,98,12,12,192.75
t_r3x__,Siddharth Muralee,0,0,133,0,211,174,0,0,0,0,0,0,0,0,17,0,0
_hemanth._.157,hemanth�,0,0,83,0,206,132,0,0,1,0,2,0,236,12,8,2,118
athira_pa6u,��Athira Anand��,0,0,26,0,393,394,1,8,0,1,17,13,1994,186,16,12,166.1666667
yaswanthjonnalagadda,�Yaswanth Jonnalagadda �,0,0,31,0,332,402,0,5,0,1,3,2,269,27,24,3,89.66666667
aswana_k_babu,aswana_achu,0,0,74,0,745,533,1,6,1,0,54,41,2036,227,11,12,169.6666667
yedhu_yedhu,Yedhu Krishna,0,0,0,1,327,497,0,1,0,0,8,11,541,3,13,8,67.625
sreelakshmisr,Sreelakshmi sree,0,0,0,0,498,547,0,1,0,1,4,13,607,31,16,4,151.75
_.a_swin._,Aswin,0,0,47,0,159,197,0,0,0,0,0,0,0,0,5,0,0
_naveenaaaaa_,Naveena Reddy,0,0,9,0,608,600,0,6,0,1,4,3,1223,71,13,4,305.75
dipin_dahiya,Dipin Dahiya,0,0,88,0,323,299,0,5,0,0,5,1,600,73,12,5,120
a.bhina_v,������������,0,0,25,0,696,656,0,0,0,1,11,14,1793,136,12,11,163
aswin_.in,Aswin Mani,0,0,14,0,665,621,0,8,0,1,21,22,2653,185,10,12,221.0833333
t___om_ri_ddl_e,Abhin A,0,0,93,0,440,523,0,2,0,1,0,0,0,0,7,0,0
neelanjana_pramod,Neelanjana Pramod AV,0,0,10,0,889,964,0,4,0,1,44,5,5192,147,20,12,432.6666667
s34s0n,Season Cherian,0,0,0,0,485,318,0,0,0,1,0,0,0,0,14,0,0
sidheshsudhakaran,Sidhesh Kalayil,0,0,0,0,167,231,0,0,0,0,5,0,181,4,15,5,36.2
jk_1915,Jaishnav Krishnankutty,0,0,134,0,672,952,1,7,0,0,54,12,2536,100,22,12,211.3333333
_eeengus_,♡رينو فاطم♡,0,0,40,0,480,594,1,7,0,1,3,0,471,114,11,3,157
aslam_10_leo,Â B U Åslâm,0,0,142,0,510,358,0,1,1,0,4,7,782,33,14,4,195.5
sujanya_,Sujanya Reddy�,0,0,38,0,998,894,0,4,0,1,21,15,4594,341,14,12,382.8333333
_neehz__,__nee_h_ara_ kp,0,0,28,0,1014,831,0,3,0,1,9,26,3150,324,15,9,350
suuruu._,Suryendu�,0,0,26,0,451,637,0,2,0,1,0,0,0,0,9,0,0
___sobit____,sobits,0,0,45,0,1133,781,0,3,1,0,29,41,3211,324,6,12,267.5833333
nasif_17,Nasif,0,0,0,0,484,370,0,0,0,1,12,1,915,67,5,12,76.25
d.e.l.v.i.n_s,Delvin Saji,0,0,24,0,805,729,0,2,0,1,0,0,0,0,11,0,0
swethananik,Swethana,0,0,0,0,46,77,0,0,0,1,4,0,67,11,8,4,16.75
___lakshmi____00,SrEe LaKsHmI,0,0,40,0,1412,1672,1,0,0,1,2,0,395,21,12,2,197.5
gokul_kri_shna,Gokul Krishna G P,0,0,41,1,730,819,1,3,1,0,122,0,962,182,17,12,80.16666667
melano__man,B H A G E E R A T H,0,1,0,0,286,584,0,0,0,1,0,0,0,0,19,0,0
venkiteshsanthan,venkitesh santhan,0,0,0,0,366,351,0,0,0,0,0,0,0,0,17,0,0
mathumal_07,Adarsh Mathumal,0,0,0,0,450,644,0,0,0,0,12,28,2133,405,15,12,177.75
haristr_85,Hari S,0,0,17,1,159,182,0,3,0,0,0,0,0,0,6,0,0
_saran_krishna_,S∆R∆N,0,0,49,0,1075,1266,0,2,0,0,17,61,4227,226,5,12,352.25
_ha.sbe_,Sudarshan Hasbe,0,0,27,0,360,266,0,7,0,1,12,29,2664,220,15,12,222
ananya__muthu,ananya muthu,0,0,125,0,411,349,0,2,0,1,2,9,327,158,12,2,163.5
_sid.rah__,سِـدْرَة الْـمُـنْـتَـهَى,0,0,29,0,532,528,0,7,0,1,2,1,439,17,25,2,219.5
fidha_saleem___,fidha,0,0,56,0,733,724,1,5,0,1,10,4,2459,426,5,10,245.9
abhi._i,�ABHINAV�,0,0,0,0,983,1022,0,0,0,1,0,0,0,0,9,0,0
hell_.fire_,Deva narayanan,0,0,0,0,189,445,0,1,1,0,12,44,643,10,14,12,53.58333333
_ro_nny__,Ròhîth,0,0,13,0,481,613,0,4,0,1,31,30,1504,88,8,12,125.3333333
w_i_t_h_y_o_u_,↫↫↫↫↫ SÅMRÂT ↬↬↬↬↬,0,0,125,0,400,234,0,1,0,1,1,0,169,3,20,1,169
ishani_deepaa_08,Ishani Deepa,0,0,17,0,563,558,0,0,0,1,3,8,867,151,12,3,289
_bindu_vijayan_,Bindu Vijayan,0,0,0,0,91,140,0,4,0,1,0,0,0,0,13,0,0
a_b_ay,abhay,0,0,0,0,315,544,0,0,0,1,1,3,112,2,5,1,112
a3x3k,S Abhishek,0,0,20,1,228,5040,0,12,0,1,28,24,699,22,10,12,58.25
black_demon_07._,Adarsh sivakumar,0,0,65,0,517,508,0,0,0,1,3,3,483,34,16,3,161
akshaymhari,Akshay M Hari,0,0,0,0,267,390,0,0,0,1,13,2,358,0,13,12,29.83333333
s.punnath,sreeja punnath,0,0,1,0,84,87,1,2,0,1,5,10,98,4,14,5,19.6
priyanka_4901,durga priyanka,0,0,54,0,264,400,0,0,0,1,4,5,308,5,14,4,77
hadhimunnu,HADHI MOHAMMED,0,0,0,0,370,367,0,0,0,1,0,0,0,0,14,0,0
sulabh_santhosh,$u!@bh $@πtho$h,0,0,133,0,746,492,0,11,0,1,36,25,2844,297,15,12,237
dineshajitha,Ajitha Dinesh,0,0,0,0,43,22,0,0,0,1,0,0,0,0,13,0,0
__sach_photography__,__ŚÄČH_ŠŘ__,0,0,95,1,539,505,0,15,0,0,53,93,1335,49,16,12,111.25
___.arjun_.__,Arjun Manoj,0,0,98,0,615,586,0,1,0,1,13,15,2850,248,11,12,237.5
___areen___,Areen,0,0,29,0,728,1003,0,0,0,1,0,0,0,0,5,0,0
ahamad_asim,Misa,0,0,85,0,1022,1612,0,4,0,0,8,37,2063,170,4,8,257.875
sidh4rth_,Sidharth,0,0,7,0,893,881,0,0,0,1,0,0,0,0,8,0,0
ashwin.apk,Ashwin,0,0,62,1,528,653,0,0,0,1,0,0,0,0,6,0,0
kotlajaideepreddy,Kotla Jaideep Reddy,0,0,0,0,134,164,0,0,0,1,3,0,67,0,19,3,22.33333333
m_i_n_d.r_e_a_d_e_r_,aathira,0,0,56,0,115,111,0,1,0,0,11,3,702,56,7,11,63.81818182
selis_k_basheer,Selis,0,0,26,0,692,827,0,0,0,1,0,0,0,0,5,0,0
arya_koyari,ARYA K,0,0,0,0,342,477,0,0,0,1,0,0,0,0,6,0,0
anand__k_s,Anand K S,0,0,25,0,348,445,0,3,0,1,3,3,491,48,9,3,163.6666667
_al_fajinsha_pk._,Al-Fajinsha PK,0,0,2,0,612,387,0,9,0,1,0,0,0,0,14,0,0
___.orochimaru.___,JAYARAM,0,0,8,0,709,700,0,4,0,1,19,63,2193,71,7,12,182.75
hisham_muneer__,������,0,0,25,0,538,453,0,0,0,1,0,0,0,0,6,0,0
igeethanjalidinesh,Geethanjali dinesh✨,0,0,27,0,304,366,1,4,0,1,51,6,1253,73,19,12,104.4166667
sruthisubha,Sruthi Subha,0,0,0,0,190,258,0,0,0,1,0,0,0,0,12,0,0
meghna_ramakrishnan,Meghna RS,0,1,0,0,460,641,0,0,0,1,5,19,873,180,9,5,174.6
athul_m0han,Athul Mohan,0,0,6,1,1130,1527,1,13,1,0,78,6,4155,799,11,12,346.25
_abhishek_c__v_,अभिषेक सी वी,0,0,0,0,548,559,0,1,1,0,20,45,1991,61,12,12,165.9166667
ananthan2k,Anantha nandanan,0,0,90,1,340,488,0,1,0,0,18,0,1013,9,16,12,84.41666667
th_meem,]#@^^€€^^,0,0,22,0,473,464,0,4,0,1,12,0,1199,46,9,12,99.91666667
famis___firoz,Famis ___ firoz,0,0,0,0,997,781,1,4,0,0,28,7,3307,295,15,12,275.5833333
srir_m,Sriram,0,0,23,0,893,465,0,0,0,0,0,0,0,0,6,0,0
sneheeey._,ꜱɴᴇʜᴀ ʙᴀʙᴜ,0,0,104,0,589,409,0,10,0,1,0,0,0,0,10,0,0
an__sh__112,ANU,0,0,36,0,105,115,1,0,1,0,25,10,648,51,3,12,54
ladyyturnip,____Devu____,0,0,34,0,296,131,0,6,0,0,1,3,124,7,12,1,124
___aswin__________,Aswin Suresh,0,0,80,0,503,586,0,4,0,1,5,7,675,22,12,5,135
akshaay.11,akshay,0,0,0,0,934,572,0,0,1,0,0,0,0,0,6,0,0
mittu_abi,Mittu Abi,0,0,32,0,252,188,1,1,0,0,81,5,401,22,9,12,33.41666667
sr._eelax_mi,sr._eelax_mi,0,0,0,0,70,187,0,0,0,1,0,0,0,0,12,0,0
afrin.shameer,Afrin,0,0,77,0,175,176,0,0,0,1,1,0,136,25,5,1,136
_ig_kiran._,❌️DEAD❌️,0,0,31,0,968,1040,1,6,1,0,29,52,2846,284,8,12,237.1666667
akshayhari4,Akshay Hari,0,0,1,0,627,492,0,3,0,1,0,0,0,0,11,0,0
_.dablo_,Abhiram Murali,0,0,30,0,827,904,0,4,0,1,6,39,1820,261,14,6,303.3333333
mr__a_sh,Ashin Ash,0,0,0,0,1135,1433,1,5,0,0,91,0,3984,513,9,12,332
_jyothiiikaa_,0,0,0,0,0,891,840,0,10,0,1,2,2,961,104,0,2,480.5
bvnswaroop,BJSS �,0,0,15,0,256,341,0,1,0,1,6,8,580,30,6,6,96.66666667
manojgolla02,Manoj Golla,0,0,0,0,263,434,0,0,0,1,0,0,0,0,11,0,0
beena.vinod.735,Beena Vinod,0,0,0,0,31,38,0,0,0,1,0,0,0,0,11,0,0
__aswanth__,A s w a n t h,0,0,39,0,646,678,0,5,0,1,24,43,2315,189,13,12,192.9166667
gayathri__14,Gayathri Nambiar,0,0,1,0,489,503,0,2,0,1,3,5,643,58,16,3,214.3333333
__shravika_shravzzz,Shravika,0,0,22,0,344,330,0,4,0,1,7,5,989,75,8,7,141.2857143
s.w_a.t_h.i,Nefelibata,0,0,135,0,264,240,0,6,0,0,5,1,693,103,10,5,138.6
saurav_ns,Saurav NS,0,0,39,0,707,934,1,10,1,0,190,2,1867,56,9,12,155.5833333
mr.leggie,NAVEEN KUMAR J,0,0,149,0,747,622,0,1,1,0,25,35,2561,265,14,12,213.4166667
vignesh.r._,V I G N E S H,0,0,33,0,376,345,0,0,0,1,1,2,156,6,13,1,156
kavyaa_ab,Kavya Balakrishnan,0,0,35,0,749,785,1,6,0,1,91,7,2953,102,18,12,246.0833333
stup1fy.18,Manu,0,0,86,0,856,748,0,3,0,0,11,2,4495,432,4,11,408.6363636
saiganesh2692,PST SAI GANESH,0,0,0,0,137,228,0,3,0,0,13,8,621,39,14,12,51.75
anand_patel._,�N � N D   P� T E L,0,0,81,1,348,450,1,12,0,1,44,43,1330,78,19,12,110.8333333
_.messi_girl,Nandana,0,0,86,0,441,406,1,4,0,1,23,19,3050,459,7,12,254.1666667
rohith__j,Rohith,0,0,12,0,509,563,1,1,0,1,37,109,2605,926,6,12,217.0833333
hiba_han_an_,Hiba Hanan,0,0,39,0,665,734,0,3,0,1,0,0,0,0,10,0,0
nazal_salam_kt,NaZal SaLam Kt,0,0,1,0,1216,1961,0,0,0,1,3,5,677,19,14,3,225.6666667
sudu_sudev,Sudev K U,0,0,52,0,968,983,0,0,0,1,16,68,3235,368,9,12,269.5833333
adwaith_l,adwaith lohil,0,0,80,0,972,982,0,0,0,1,37,53,4398,258,13,12,366.5
m.j_05_,mebal joseph,0,0,2,0,517,517,0,3,0,1,6,26,1001,177,12,6,166.8333333
_rooith.raj,Rᴏʜɪᴛʜ ʀᴀᴊ,0,0,42,0,1198,1019,0,1,0,1,10,11,1876,258,10,10,187.6
sreejithviyyur,Sreejith Viyyur,0,0,0,0,568,192,0,0,0,0,22,0,1180,23,15,12,98.33333333
ani.x_x.maitra_,Aniket Maitra,0,0,45,0,216,346,0,0,0,0,8,0,451,25,13,8,56.375
vy_sh_na_viii,ɢᴏᴅ's ᴄʀᴇᴀᴛɪᴏɴ,0,0,110,0,222,198,0,2,0,1,4,11,283,51,14,4,70.75
ab_hay.aj_ith,�️bhay Ajith �,0,0,138,1,1152,702,0,3,0,0,64,61,2162,55,14,12,180.1666667
ad_rshm_,Adarsh,0,0,33,0,393,517,0,5,1,0,30,19,1270,44,6,12,105.8333333
athulvkrishna,Athul V Krishna,0,0,52,0,1549,598,1,12,1,0,135,12,3114,99,15,12,259.5
amritthhh,0,0,0,2,0,560,856,0,1,0,1,2,2,289,2,0,2,144.5
___.par_va_na.___,___p_a____,0,0,25,0,876,874,0,13,0,1,3,0,1168,158,10,3,389.3333333
legionnaire_of_demolisher,Gowtham.S,0,0,18,0,590,562,0,0,0,0,19,10,2063,227,9,12,171.9166667
sig.natureeeeeee,Duh.,0,0,84,0,1126,1057,0,0,1,0,6,88,1849,73,4,6,308.1666667
_.ada.rsh,∆D∆RSH,0,0,141,0,851,863,0,4,1,0,20,39,3356,114,6,12,279.6666667
akash___r,Akash R,0,0,72,0,564,700,0,24,0,1,21,3,1553,22,7,12,129.4166667
athul_nandhuzz_7,ATHUL_NANDHUZZ_7,0,0,16,0,1088,473,0,2,1,0,3,5,2582,172,16,3,860.6666667
thejasgopan,THEJ▲S,0,0,40,0,513,792,0,1,0,1,3,9,621,108,6,3,207
makeaboot,diya suresh,0,0,55,0,1407,1951,0,10,1,0,56,2,3532,198,11,12,294.3333333
paramahamsa23,Nithin sai paramahamsa,0,0,0,0,125,158,0,0,0,0,5,6,325,57,22,5,65
h_v_m_,Harsh,0,0,89,0,683,664,0,5,0,1,3,22,516,49,5,3,172
sruthisam._,Sruthi.,0,0,4,0,803,779,0,5,0,1,21,33,3798,289,7,12,316.5
abhiram_abhi_nlr,Abhiram PV,0,0,41,0,378,443,0,0,0,1,0,0,0,0,10,0,0
_sourav_ch_,Sourav C,0,0,0,1,410,665,0,2,0,1,6,30,776,90,8,6,129.3333333
stylehomes_rental_apartments,Shine Kottekat Ramakrishnan Kodungallur,0,0,150,0,128,529,1,2,0,0,7,0,92,0,39,7,13.14285714
shanij_ac,Muhammed Shanij,0,0,9,0,858,856,0,6,0,1,9,23,3459,216,15,9,384.3333333
n_a_n_d_h_a_k_i_s_h_o_r_e,N A N D H A K I S H O R E,0,0,2,0,691,933,0,1,0,1,1,1,276,40,25,1,276
_.spacepirate._,Rahul Pradeep,0,0,31,1,619,895,1,4,0,1,139,12,1857,76,13,12,154.75
_naaz_im,₦₳₳Ƶ,0,0,0,0,1166,1112,1,11,1,0,42,56,5093,318,4,12,424.4166667
ashwin_shenoi,Ashwin Shenoi,0,0,0,0,580,1205,0,0,0,1,0,0,0,0,13,0,0
_w_a_n_d_e_r_girl_,veda✨,0,0,130,0,1295,690,1,11,0,1,29,107,2848,523,5,12,237.3333333
athu_blu,ᴀᴛʜᴜʟ ꜱᴀɴᴅᴇᴇᴘ,0,0,23,0,533,370,0,0,1,0,1,0,210,36,13,1,210
jab_in,asna_jabin,0,0,16,1,581,698,0,6,0,1,4,2,1142,108,10,4,285.5
ash746_,Aswanth,0,0,14,0,922,726,0,4,0,1,215,0,1774,56,7,12,147.8333333
fida_3426,fida v,0,0,104,0,1150,1237,0,8,0,0,11,0,1404,26,6,11,127.6363636
abhii_abhiya,阿比耶,0,0,103,0,566,411,1,18,0,1,12,51,2428,326,3,12,202.3333333
_.suryagayatri._,s_.gayathri�,0,1,18,0,357,299,0,0,0,1,0,0,0,0,12,0,0
_aditya._.vishnu_,Aditya Vishnu,0,0,6,0,794,749,0,0,0,0,3,7,1094,240,13,3,364.6666667
_hinshe,Hina Sherin,0,0,8,0,16405,581,1,2,0,1,12,8,27464,646,11,12,2288.666667
vishnudevtj,Vishnu Dev T J,0,0,0,0,198,160,0,2,0,0,9,4,735,64,14,9,81.66666667
_adxgram_,Aadi �,0,0,33,0,537,606,1,1,0,1,3,2,687,68,6,3,229
mxnxs.m,MANAS,0,0,0,0,457,522,0,6,0,1,3,1,423,5,5,3,141
aravind_bhaskar_m,Aravind Bhaskar,0,0,0,0,890,946,1,0,0,1,9,13,2401,195,15,9,266.7777778
prahalad_krishna,prahalad,0,0,111,0,1217,1212,0,1,0,1,6,15,1658,67,8,6,276.3333333
sanjulofi,Abhi�,0,0,15,0,166,156,1,3,1,0,20,0,566,89,5,12,47.16666667
_anjalisonu_,�Sonuss�,0,0,46,0,560,372,1,22,1,0,10,58,1021,263,8,10,102.1
ya_du_k_ri_sh,Yadhu Krishnan,0,0,85,0,509,1254,0,4,0,1,26,18,1370,28,14,12,114.1666667
___aman_thejual___,امن 〽️,0,0,46,0,912,709,0,22,0,0,40,38,2992,210,6,12,249.3333333
sagar_s_abraham,Sagar S Abraham,0,0,17,0,774,853,0,3,0,1,8,7,1416,16,15,8,177
iammudassar_27,Mudassar Ahmed Shaik!,0,0,64,0,306,612,0,2,0,1,11,5,1709,221,21,11,155.3636364
jinasahmmd,jinasahmd,0,0,25,0,1585,988,0,0,0,1,5,2,1976,34,9,5,395.2
sadhika.praveen,ѕα∂нικα,0,0,1,0,1625,313,1,1,0,0,5,11,2019,163,7,5,403.8
f7r1s,فارس بن إبراهيم.,0,0,40,0,1180,967,1,6,1,0,118,11,2040,42,17,12,170
sharan_ram_k,Sharan_Ram_K,0,0,88,0,287,548,1,8,0,0,26,0,598,34,12,12,49.83333333
s00raj._,Sooraj Krishnan,0,0,0,0,366,242,0,0,0,1,0,0,0,0,15,0,0
rohit_ambooken,����� ������ ��������,0,0,67,1,733,645,0,2,0,1,9,42,1694,76,21,9,188.2222222
pa_ru_s__a_m_i,Abhirami_ parus,0,0,74,0,879,784,0,21,0,1,37,8,4545,471,15,12,378.75
angel_of_de.vil,ANGEL,0,0,32,0,719,198,0,1,0,0,1,0,179,7,5,1,179
afthab__17,Afthab,0,1,13,0,462,496,0,0,0,1,4,3,538,33,6,4,134.5
abhin_av._,ABHINAV,0,0,61,0,8312,1844,0,6,1,0,18,55,13854,656,7,12,1154.5
sandra_be_me_,Sandra Bino,0,0,42,0,862,772,0,14,0,1,42,7,4477,125,11,12,373.0833333
sreya_sathian,Sreya sathian,0,0,71,0,417,430,0,0,0,1,3,8,593,90,13,3,197.6666667
k.r.i.s.h.n.a_19,Krishna Sudheer,0,0,2,0,629,1306,0,0,0,0,3,3,694,126,15,3,231.3333333
_abhijith_nair,Abhijith A Nair,0,0,51,0,274,455,0,0,0,0,1,0,76,7,15,1,76
mr._.brahma,ബ്രഹ്മ,0,0,145,0,949,650,1,16,0,0,179,50,1346,119,6,12,112.1666667
r.ishu17,Rishitha�,0,0,0,0,420,593,0,0,0,1,4,0,899,31,9,4,224.75
kar.thicc_af,Karthik,0,0,46,0,482,1015,0,5,0,1,11,13,1403,485,7,11,127.5454545
himaspradeep,Hima�,0,0,46,0,558,506,0,1,0,1,2,3,431,39,5,2,215.5
__vjay_,VIJAY,0,0,2,0,1485,983,0,0,1,0,8,34,3022,258,5,8,377.75
abhirami_aa__mi_,�Abhirami Anil�,0,0,67,0,683,511,0,10,0,1,19,85,3656,1147,15,12,304.6666667
sibinvvappu,Sibinvv Appu,0,0,0,0,117,138,0,0,0,1,8,0,163,3,12,8,20.375
shalmin._,S  H  A  L  M  I  N �,0,0,27,0,1059,881,0,7,0,1,4,2,1248,172,21,4,312
